Link,Rodzaj (nośnik),Dział,Autor,Tytuł,Tytuł originału,Język,Wydawca,Rok wydania,Rodzaj oprawy,Wymiary,Liczba stron,Ciężar,Wydano,ISBN,EAN/UPC,Image,Description,Kategoria
/en/jutro-9788378859796,książka / book,Książki i czasopisma / Books and periodicals,Guillaume Musso,Jutro,DEMAIN,angielski,ALBATROS,2016,Miękka ze skrzydełkami,14.0x20.5,400,0.51 kg,13/08/2014,9788378859796 (9788378859796),9788378859796,/img/product_images_new/403/172403_01_jutro.300.jpg,"Emma mieszka w Nowym Jorku. Ma 32 lata i ciągle szuka tego właściwego mężczyzny. Matthew mieszka w Bostonie. Odkąd jego żona zginęła w wypadku, samotnie wychowuje czteroletnią córeczkę. Korespondencyjna znajomość rodzi potrzebę spotkania. Tego samego dnia, w tym samym czasie, otwierają drzwi restauracji… Ich drogi jednak się nie krzyżują. Gra kłamstw? Żart wyobraźni? Manipulacja? Musso ujawnia swoje mistrzostwo w kreowaniu atmosfery tajemnicy Paris Match",Society and customs
/en/gdanskie_dwory_i_palace-9788375280487,książka / book,Książki i czasopisma / Books and periodicals,Jerzy Samp,Gdańskie dwory i pałace,,,Marpress,2009,Twarda,21.0x25.0,157,0.50 kg,,9788375280487 (9788375280487),9788375280487,/img/product_images_new/822/391822_01_gdanskie_dwory_i_palace.300.jpg,"Autor profesor Uniwersytetu Gdańskiego kierujący Zakładem Pomorzoznawstwa poświęcił książkę budowlom, bez których nie sposób wyobrazić sobie pejzażu Gdańska i okolic. Interesują go zarówno dwory wznoszone w średniowieczu przez działające wówczas bractwa i korporacje cechowe, jak i rezydencje podmiejskie należące do gdańskich patrycjuszy, kupców, a także uczonych. Każdemu z ponad pięćdziesięciu opisanych w monografii obiektów przygląda się autor bardzo uważnie. W oparciu o zachowane dokumenty archiwalne, opracowania naukowe, relacje a nawet teksty literackie autor tworzy jedyną w swoim rodzaju opowieść o czasach i okolicznościach powstania tych budowli, o ich zmieniających się w ciagu stuleci właścicielach, o walorach artystycznych owych dworsko-ogrodowych założeń, najcenniejszych elementach artystycznego wyposażenia. Nie brak wiadomości częstokroć nigdy dotąd nie publikowanych. Tekst zawiera anegdoty i ciekawostki. Monografia jest bardzo bogato ilustrowana.","Art and photography, Architecture"
/en/telefon_o_polnocy-9788327612564,książka / book,Książki i czasopisma / Books and periodicals,Tess Gerritsen,Telefon o północy,Call After Midnight,angielski,Harlequin,2015,Miękka,12.5x20.0,256,0.24 kg,04/03/2015,9788327612564 (9788327612564),9788327612564,/img/product_images_new/844/198844_01_telefon_o_polnocy.300.jpg,"Niespodziewany telefon przerywa spokojny sen Sarah. Jest pewna, że usłyszy ciepły głos swojego męża Geoffreya, który pracuje w jednym z londyńskich banków. Ku jej przerażeniu pracownik Departamentu Stanu, Nick O’Hara, informuje ją o śmierci męża w pożarze hotelu w Berlinie. Zaszokowana Sarah nie wierzy w śmierć Geoffreya i rozpoczyna własne śledztwo. Widząc jej determinację, Nick, początkowo przeciwny pomysłowi, zgadza się pomóc. Krok po kroku wkraczają w sam środek międzynarodowego spisku szpiegowskiego, w który zamieszani są wysoko postawieni politycy, agenci CIA i Mossadu. Przemierzając kolejne europejskie miasta, Sarah odkrywa, że jej mąż nie był tym, za kogo się podawał, a jej życie jest w śmiertelnym niebezpieczeństwie.",
/en/droga_66-9788324149872,książka / book,Książki i czasopisma / Books and periodicals,Becky Masterman,Droga 66,,polski,AMBER,2014,Miękka ze skrzydełkami,13.0x20.5,352,0.31 kg,03/04/2014,9788324149872 (9788324149872),9788324149872,/img/product_images_new/352/161352_01_droga_66.300.jpg,"Finalistka CWA Gold Dagger 2013 – najważniejszej nagrody dla powieści kryminalnej Nominacja do Edgar Award 2014 Ten wyjątkowy kryminał zaczyna się pozornie klasyczną sceną. Jest morderca. Jest potencjalna ofi ara – drobna starsza kobieta. Ale morderca nie wie, że kobieta ma za sobą czterdzieści lat nieustannego treningu w zabijaniu… „New York Times” Najlepsza agentka FBI od czasów Clarice Starling i jedna z najlepszych powieści gatunku od czasów Milczenia owiec. „Publishers Weekly” „Nikt nie chce czytać o bohaterce, która ma więcej niż trzydziestkę” – usłyszałam, kiedy wysłałam swój maszynopis pierwszemu wydawcy – mówi Becky Masterman. – Ale kilka lat później coś się zmieniło. Może sprawił to Oscar dla Helen Mirren? Nagle dojrzałe kobiety stały się modne. Spróbowałam znowu. Tym razem usłyszałam: „Takiej postaci szukaliśmy od lat”. Ta postać to Brigid Quinn, agentka specjalna FBI przez całe życie tropiąca seksualnych przestępców. Dopiero teraz, po odejściu z Biura, odkryła prywatne szczęście i usiłuje znaleźć swoje miejsce w świecie „cywilów”, który przez tyle lat chroniła dla innych. I stara się, żeby ten świat nigdy się nie dowiedział, że ona potrafi uśmiercić człowieka gołymi rękami… Czasami żałowałam, że byłam w życiu aż tyloma kobietami. Było ich tak wiele: córka, siostra, glina, równa babka, kilka rodzajów dziwek, porzucona kochanka, idealna żona, bohaterka, zabójczyni. Powiem prawdę o nich wszystkich, o ile jestem w stanie mówić prawdę. Brigid Quinn ma wspomnienia, których wolałaby nie mieć, i zabójcze umiejętności, których wolałaby już nigdy nie potrzebować. Widziała i robiła rzeczy, które wymazała z pamięci. Poza jedną….Morderca z Drogi 66 zabił sześć kobiet. Porywał je z szosy, a potem pozostawiał ciała na spalonych słońcem pustkowiach Arizony. Poza jednym. Ciała Jessiki, młodej podwładnej Brigid, nigdy nie odnaleziono. A Brigid nigdy nie zapomniała, że to ona wysłała Jessikę na Drogę 66… Trzynaście lat później ta nierozwiązana sprawa znowu wdziera się w życie Brigid. Życie spokojne, ułożone na nowo u boku kochającego męża, profesora fi lozofi i i byłego pastora. Męża, który nic nie wie o jej przeszłości. Brigid widzi szansę, by wreszcie schwytać mordercę Jessiki. I uratować życie następnej agentki. Ale może stracić to, co stało się dla niej najcenniejsze – miłość męża. Bo będzie musiała złamać nie tylko prawo…",
/en/ostatni_na_liscie-9788324149100,książka / book,Książki i czasopisma / Books and periodicals,Neil White,Ostatni na liście,,polski,AMBER,2014,Kartonowa Foliowana,13.2x20.0,384,0.33 kg,28/01/2014,9788324149100 (9788324149100),9788324149100,/img/product_images_new/667/154667_01_ostatni_na_liscie.300.jpg,"Prawnik i policjant, bracia i rywale, muszą spojrzeć w twarz demonom przeszłości i wybrać pomiędzy sprawiedliwością a rodziną Brutalna autentyczność bije z każdej strony – wręcz czujemy zapach więziennej celi, fałsz sądowych potyczek, emocje towarzyszące śledztwu. To wszystko buduje atmosferę i napięcie tego hipnotyzującego i niepokojącego kryminału, jakże innego na tle gatunku. „Daily Mail” To kryminał napisany przez zawodowca. Pozwala zajrzeć za kulisy wymiaru prawa, wciąga i wstrząsa. „Bella Magazine” Jeden z bohaterów Ostatniego na liście ściga przestępców, drugi ich broni. Wydaje się, że stoją po przeciwnych stronach prawa - ale u Neila White’a nic nigdy nie jest takie, jak się wydaje. crimereview.co.uk Kapitalna intryga prowadzona z dwóch perspektyw, widziana oczami prawnika i detektywa. Znakomity literacki kryminał, gdziebrat staje przeciwko bratu. „Choice Magazine” Mocny, trzymający w napięciu kryminał, w którym Neil White maluje przekonujący portret prawników i policjantów. eurocrime.co.uk Joe Parker to najbardziej błyskotliwy prawnik w Manchesterze. Sam Parker - najbardziej nieustępliwy detektyw manchesterskiego wydziału zabójstw. Na obu ciąży nierozwikłane morderstwo ich siostry przed piętnastu laty. I obaj są zaangażowani w sprawę seryjnych zabójstw, które teraz wstrząsają miastem... Ronnie Bagley zamordował swoją dziewczynę i dziecko. Czeka w więzieniu na proces. Na dwa tygodnie przed rozprawą żąda nowego adwokata. Twierdzi, że obronić go może tylko Joe Parker. Joe podejmuje się tej sprawy. Nie wie, że jego klient jest bardziej przebiegły, niż się wszystkim wydaje. I że on sam wkrótce stanie do rywalizacji z własnym bratem w sprawie najbardziej przerażającego seryjnego zabójcy, jaki kiedykolwiek działał w Manchestrze. Ani Joe, ani Sam nie przeczuwają, że wspólna przeszłość boleśnie wedrze się do teraźniejszości i doprowadzi obu do szaleńczego wyścigu, w którym stawką jest odpowiedź na pytanie, kto będzie ostatni na liście mordercy…",
/en/urodzona_dla_smierci-9788324147649,książka / book,Książki i czasopisma / Books and periodicals,Lisa Jackson,Urodzona dla śmierci,Born To Die,angielski,AMBER,2013,Miękka,13.0x20.5,352,0.30 kg,25/07/2013,9788324147649 (9788324147649),9788324147649,/img/product_images_new/580/1015580_01_urodzona_dla_smierci.300.jpg,"Autorka bestsellerów numer 1 „New York Timesa” dla miłośniczek Tess Gerritsen Powieści Lisy Jackson to bestsellery światowej klasy. Jej kolejne książki są publikowane w coraz wyższych, milionowych nakładach. Każda trafia na szczyt list bestsellerów „New York Timesa” i coraz dłużej na nich pozostaje. Bestsellery Lisy Jackson są wydawane w 20 krajach i sprzedane w ponad 21 milionach egzemplarzy. Smutny i dziwny zbieg okoliczności… Taka jest pierwsza reakcja doktor Kacey Lamert na wiadomość o śmierci dwóch kobiet, niezwykle do niej podobnych. Bo przecież pomiędzy nią a aktorką filmów klasy B i nauczycielką z podstawówki nie ma żadnego związku. Jednak prowadzące śledztwo policjantki, Selena Alvarez i Regan Pescoli, podejrzewają, że jest inaczej. Wkrótce Kacey dostrzega, że coś ją jednak łączy z zamordowanymi. Były w podobnym wieku. Urodziły się i wychowały w tej samej okolicy. I wszystkie znały mężczyznę, z którym Kacey właśnie zaczęła się spotykać... Im bardziej zagłębia się w te sprawę, tym bardziej zaczyna się bać. Bo odkrywa, że może być następna na liście urodzonych dla śmierci… Lisa Jackson to jedna z największych amerykańskich gwiazd literatury z pierwszych miejsc „New York Timesa”. Jej thrillery (Wyspa kłamstw, Bez litości, Kręte ścieżki, Nie chcesz wiedzieć) przesycone atmosferą strachu trzymają w najwyższym napięciu do ostatniej strony, a ich bohaterki - jak bohaterki Tess Gerritsen – błądzą w labiryncie misternej, niebezpiecznej intrygi. Urodzona dla śmierci, trzecia powieść z bohaterkami Podarowanej śmierci i Doliny strachu, była przez kilka tygodni w Top 5 „New York Timesa”.",Thrillers
/en/projekt_riese-9788381958103,książka / book,Książki i czasopisma / Books and periodicals,Remigiusz Mróz,Projekt Riese,,polski,Filia,2022,Miękka ze skrzydełkami,13.5x20.5,480,0.488 kg,26/01/2022,9788381958103 (9788381958103),9788381958103,/img/product_images_new/689/632689_01_projekt_riese.300.jpg,"NIC NIE JEST OSTATECZNE. NAWET ŚMIERĆ.  Riese. Największy projekt nazistowskich Niemiec, którego przeznaczenie wciąż pozostaje nieznane. Niegdyś być może podziemne miasto, arka przetrwania lub fabryka, w której pracowano nad bronią jądrową – dziś atrakcja turystyczna w Górach Sowich.  Odwiedzić postanawia ją pięcioro ludzi, zupełnie nieświadomych tragedii, która ma ich spotkać. Podczas eksploracji tuneli dochodzi do trzęsienia, a stropy ulegają zawaleniu, odcinając turystów od świata i pozbawiając ich szans na ratunek. Robią wszystko, by przeżyć, powoli uświadamiając sobie, że na powierzchni wydarzyło się coś, co sprawiło, że znany im świat przestał istnieć…  I ŻE TO ONI MOGĄ BYĆ JEDYNYMI, KTÓRZY PRZETRWALI KATAKLIZM.","Powieść polska, Crime and mystery"
,,,,,,,,,,,,,,,,,,
/en/dom_siostr-9788375083354,książka / book,Książki i czasopisma / Books and periodicals,Charlotte Link,Dom sióstr,,niemiecki,Sonia Draga,2011,Miękka ze skrzydełkami,14.5x20.5,640,0.69 kg,,9788375083354 (9788375083354),9788375083354,/img/product_images_new/192/1009192_01_dom_siostr.300.jpg,"Wyjazd na Boże Narodzenie do Yorkshire, krainy wyżynnych torfowisk w północnej Anglii, miał być prezentem urodzinowym i ostatnią próbą uratowania rozpadającego się małżeństwa. Jednak od początku Barbarze i Ralphowi Ambergom nic się nie układa. Już od pierwszej nocy wynajęta przez nich posiadłość Westhill House zostaje odcięta od świata z powodu śnieżycy. Barbara, myszkując po domu, natrafia niespodziewanie na zapiski byłej właścicielki posiadłości, Frances Gray. Ich lektura ożywia niezwykłą historię sprzed pięćdziesięciu lat. Zagłębiając się w aurę miłości, nienawiści, pogardy i tęsknoty za wolnością, Barbara zaczyna poznawać własną duszę i dojrzewa do najważniejszej decyzji. Decyzji, która nie tylko zmieni jej życie, ale będzie zarazem dopełnieniem losu Frances Gray. Doskonały thriller psychologiczny „niemieckiej królowej kryminałów”!",
/en/ciernista_roza-9788375089943,książka / book,Książki i czasopisma / Books and periodicals,Charlotte Link,Ciernista róża,,polski,Sonia Draga,2016,Miękka ze skrzydełkami,14.5x20.5,600,0.61 kg,,9788375089943 (9788375089943),9788375089943,/img/product_images_new/290/168290_01_ciernista_roza.300.jpg,"Karin Palmer, była nauczycielka z Berlina, ogarnięta chęcią zmiany dotychczasowego życia, decyduje się wyjechać na angielską wyspę Guernsey, gdzie przed laty spędziła cudowne wakacje.Na miejscu okazuje się niestety, że pokój, który zarezerwowała, został oddany komu innemu i kobieta nie ma się gdzie podziać. Przez przypadek trafia do uroczego domu z ogrodem pełnym róż, który należy do 71-letniej Beatrice Shaye. Karin ulega urokowi staruszki, jej pięknego ogrodu i eleganckiego, przytulnego domu. Między kobietami szybko nawiązuje się serdeczna przyjaźń mimo dzielącej je różnicy wieku. Ich rozmowy stają się coraz bardziej intymne i szczere. Beatrice powoli zaczyna opowiadać o przeszłości. Nie mówi jednak wszystkiego. Jednak w chwili, gdy policja zacznie znajdować zwłoki kolejnych zamordowanych osób, Beatrice będzie musiała komuś zaufać. Jej wybór pada na Karin…",
/en/gra_cieni-9788379991914,książka / book,Książki i czasopisma / Books and periodicals,Charlotte Link,Gra cieni,Schattenspiel,polski,Sonia Draga,2020,Miękka ze skrzydełkami,14.3x20.5,512,0.562 kg,20/05/2015,9788379991914 (9788379991914),9788379991914,/img/product_images_new/288/206288_01_gra_cieni.300.jpg,"David Bellino, pozbawiony skrupułów bogacz, otrzymuje anonimy z pogróżkami. Mężczyznę od lat prześladują lęki  na jawie i koszmary we śnie. Tajemnicze wiadomości stają się pretekstem do konfrontacji z przeszłością. David zaprasza na kolację czwórkę swoich dawnych przyjaciół. Ich drogi rozeszły się w tragicznych okolicznościach. O dziwo wszyscy przyjmują zaproszenie. Goście chętnie rozprawią się z dręczącymi demonami, zrzucą z siebie balast przeszłości i wydostaną się z sieci niebezpiecznych namiętności i tajemnic… Czy podczas wieczerzy David zdemaskuje swego niedoszłego zabójcę? „Link znakomicie opanowała sztukę narracji, stopniowania napięcia oraz potęgowania dramatu”. BücherPick (Szwajcaria) „Przyjemność czytania od pierwszej do ostatniej strony”. Bücher Journal","Crime and mystery, Powieść zagraniczna"
/en/lisia_dolina-9788375087277,książka / book,Książki i czasopisma / Books and periodicals,Charlotte Link,Lisia dolina,IM TAL DES FUCHSES,niemiecki,Sonia Draga,2022,Miękka ze skrzydełkami,14.3x20.5,488,0.55 kg,06/11/2013,9788375087277 (9788375087277),9788375087277,/img/product_images_new/609/150609_01_lisia_dolina.300.jpg,"Wyobraź sobie, że twój porywacz znika bez śladu i nikt nie wie, gdzie cię uwięził… Słoneczny sierpniowy dzień kończy się dla Matthew Willarda koszmarem. Wracając ze spaceru z psem, dociera na opustoszały parking, na którym czeka na niego żona. Zastaje tylko samochód, po Vanessie ginie wszelki ślad. Matthew jest przekonany, że Vanessa nie odeszła z własnej woli. Porywacz, wielokrotnie skazany kryminalista Ryan Lee, zanim jeszcze zacznie domagać się okupu, zostaje aresztowany za udział w bójce. Ryan nie ma odwagi wyjawić prawdy nawet swemu adwokatowi, choć wie, jak okrutny los czeka porwaną Vanessę. Prawie trzy lata później scenariusz się powtarza. W tajemniczych okolicznościach przepada bez śladu kobieta, policja jest bezradna. Nadal bowiem nikt nie wie, co takiego uczynił wówczas Ryan, który został tymczasem wypuszczony na wolność… „Po raz kolejny Charlotte Link stworzyła powieść przyprawiającą o gęsią skórkę, w której nie brak ani przekonywająco nakreślonych charakterów ani precyzyjne skonstruowanej intrygi”. Focus „Kryminały Charlotte Link, najpopularniejszej współczesnej niemieckiej pisarki, aż iskrzą od napięcia. Nie są to książki dla czytelników o słabych nerwach"".       NDR Kultur (Norddeutscher Rundfunk Kultura)",Thrillers
/en/w_mroku_tajemnic-9788310123251,książka / book,Książki i czasopisma / Books and periodicals,Chris Tvedt,W mroku tajemnic,Skjellig grunn til mistanke,norweski,Nasza Księgarnia (WNK),2013,Miękka,13.5x20.4,384,0.29 kg,10/04/2013,9788310123251 (9788310123251),9788310123251,/img/product_images_new/169/133169_01_w_mroku_tajemnic.300.jpg,"Mikael Brenne dowiaduje się o tragicznej śmierci kolegi po fachu. Policja obstaje przy samobójstwie, ale Brenne postanawia bliżej przyjrzeć się tej sprawie. Z czasem zyskuje pewność, że nie tylko śmierć Bjorna Grovena wymaga wyjaśnienia, jego śledztwo utyka jednak w martwym punkcie. Mikael czuje, że błądzi po omacku, a mimo to nie może się już zatrzymać. Tym razem stawką w grze jest nie tylko jego reputacja, lecz także życie ludzi, na których mu zależy. „W mroku tajemnic” to trzecia powieść Chrisa Tvedta, nowego klasyka kryminału rozgrywającego się na sali sądowej. Swoją trzecią książką Chris Tvedt ponad wszelką wątpliwość udowadnia, że uplasował się u góry tabeli norweskiej ekstraklasy powieści kryminalnej. Sindre Hovdenakk, „VG” Chris Tvedt tworzy kryminały wysokiej jakości. Pisze zwięźle i dobrze, a szczególnie przekonywające i pełne empatii są jego opisy wyrzutków społeczeństwa. Tvedt unika karykaturalności tak powszechnej w tym gatunku. Nie ma tu głupiego policjanta ani zaglądającego do kieliszka śledczego. Jest za to zaangażowany norweski adwokat o zdolnościach analitycznych, całkiem zwyczajnym życiu prywatnym i dramatycznej przeszłości. I to wystarczy. Aż nadto. Sven Egil Omdal, „Stavanger Aftenblad” Chris Tvedt urodził się w 1954 roku w Bergen w Norwegii. Na tamtejszym uniwersytecie studiował prawo oraz kilka innych kierunków, w tym literaturoznawstwo. W 1988 roku rozpoczął praktykę adwokacką, a w 2005 zadebiutował chwalonym przez krytyków thrillerem „Uzasadniona wątpliwość”. Dzięki pasjonującemu cyklowi o Mikaelu Brennem został nową gwiazdą kryminału rozgrywającego się na sali sądowej.",
/en/ukryte_w_mroku-9788379990849,książka / book,Książki i czasopisma / Books and periodicals,Peter Robinson,Ukryte w mroku,Watching the dark,angielski,Sonia Draga,2014,Miękka ze skrzydełkami,14.0x20.5,416,0.462 kg,,9788379990849 (9788379990849),9788379990849,/img/product_images_new/322/191322_01_ukryte_w_mroku.300.jpg,"Kolejne pasjonujące śledztwo inspektora Banksa. Tym razem sprawa wymaga wyjątkowej ostrożności i dyskrecji. W morderstwo emerytowanego detektywa, Billa Quinna, mogą być zamieszani skorumpowani funkcjonariusze policji. Banks szybko orientuje się, że chcąc rozwikłać zagadkę śmierci Quinna, musi najpierw udać się do Estonii, by doprowadzić do końca sprawę zaginięcia młodej Angielki, nad którą pracował zamordowany policjant.",
/en/koszmary_zasna_ostatnie-9788379769025,książka / book,Książki i czasopisma / Books and periodicals,Robert Małecki,Koszmary zasną ostatnie,,polski,Czwarta Strona,2020,Miękka ze skrzydełkami,20.4x13.0,424,0.44 kg,18/04/2018,9788379769025 (9788379769025),9788379769025,/img/product_images_new/074/371074_01_koszmary_zasna_ostatnie.300.jpg,"Mroźny luty 2017 roku. Podczas śnieżnej zawieruchy Marek Bener rozpoczyna poszukiwania ofiary mobbingu i chorującego na depresję Jana Stemperskiego. Mężczyzna zapewne targnął się na życie, dlatego dziennikarz zamierza szybko odnaleźć jego zwłoki i rozbroić własną, wciąż tykającą bombę problemów. Parę miesięcy wcześniej dostał zdjęcie, które zrujnowało go psychicznie, a teraz trzyma w rękach kolejne. Owładnięty strachem i sparaliżowany niemocą powinien stanąć do walki, której stawką będzie prawda o losie jego zaginionej żony. Ale Bener sam już nie wie, czy – w obliczu nowych faktów – woli poznać tę prawdę, czy śnić wciąż na nowo te same koszmary…",Crime and mystery
/en/najslabsze_ogniwo-9788366981041,książka / book,Książki i czasopisma / Books and periodicals,Robert Małecki,Najsłabsze ogniwo,,polski,Czwarta Strona,2021,Miękka,20.5x13.5,386,0.395 kg,29/09/2021,9788366981041 (9788366981041),9788366981041,/img/product_images_new/428/614428_01_najslabsze_ogniwo.300.jpg,"Zło czai się w każdym z nas. Dlatego wszyscy jesteśmy podejrzani. Spokojna podtoruńska wieś i kapryśne lato 2019 roku. Znany pisarz powieści obyczajowych, Piotr Warot, przeżywa najpotworniejsze wakacje swojego życia. W tajemniczych okolicznościach znika jego brat z dziewczyną. Policjanci podejrzewają, że Aleks i Alina wyskoczyli na krótki romantyczny urlop i odcięli się od świata. Jednak kiedy oboje milczą zbyt długo, Piotr nie ma wątpliwości, że stało się coś złego. Tylko co stało się z Aleksem i Aliną oraz kto stoi za ich zaginięciem? I dlaczego – w tym samym czasie – nastoletni syn sąsiadów ucieka z domu? Czy to możliwe, że coś łączy obie te sprawy? Aby poznać prawdę, Warot będzie musiał wyplątać się z pajęczyny pełnej kłamstw, którą tkają także jego najbliżsi. A w solidnym i trwałym łańcuchu tajemnic trudno trafić na jedno, najsłabsze ogniwo… Ekscytujący thriller o sile rodzinnych więzów i o złu przekraczającym niepostrzeżenie próg każdego domu.","Crime and mystery, Powieść polska"
/en/wada-9788366278523,książka / book,Książki i czasopisma / Books and periodicals,Robert Małecki,Wada,,polski,Czwarta Strona,2019,Miękka ze skrzydełkami,20.5x13.5,536,0.465 kg,15/05/2019,9788366278523 (9788366278523),9788366278523,/img/product_images_new/975/464975_01_wada.300.jpg,"Są sprawy pogrzebane dawno temu i świeże ślady świadczące o zbrodni. Tylko ciała brak. Groźne burze nad Chełmżą i nieznośne sierpniowe upały. Na leśnej polanie w pobliżu jeziora komisarz Bernard Gross trafia na pusty, zakrwawiony namiot. Stopniowo odkrywa wokół niego znacznie więcej śladów krwi. Wszystko wskazuje na brutalną zbrodnię, której ofiarą mogła paść młoda kobieta. Kłopot w tym, że Gross nie ma żadnego punktu zaczepienia. Brak ciała ofiary, narzędzia zbrodni i sprawcy. Zbyt wiele niewiadomych i zbyt wiele mylnych tropów, którymi musi podążyć, by w gęstniejącym mroku odnaleźć przerażającą prawdę. Prawdę, która odsłoni rodzinną tajemnicę sprzed wielu lat.","Crime and mystery, Powieść polska"
/en/srebrzysko_powiesc_dla_doroslych-9788389859655,książka / book,Książki i czasopisma / Books and periodicals,Stefan Chwin,Srebrzysko Powieść dla dorosłych,,polski,Tytuł,2016,Twarda,13.5x20.0,364,0.52 kg,,9788389859655 (9788389859655),9788389859655,/img/product_images_new/033/297033_01_srebrzysko.300.jpg,"Jest to najbardziej ryzykowna książka, jaką napisałem w życiu. Chociaż raz taką książkę trzeba napisać. Dlaczego? Dla spokoju serca. Stefan Chwin.",
/en/dluga_noc-9788367262170,książka / book,Książki i czasopisma / Books and periodicals,Wojciech Chmielarz,Długa noc,,polski,Marginesy,2024,Miękka ze skrzydełkami,13.5x21.0,376,0.395 kg,15/06/2022,9788367262170 (9788367262170),9788367262170,/img/product_images_new/151/653151_01_dluga_noc.300.jpg,"Długa jesienna noc w Warszawie. W Komendzie Stołecznej Policji na kolejne przesłuchanie oczekuje mężczyzna, który jest świadkiem w sprawie zabójstwa. Co do tej pory powiedział? Co zataił? Do czego nie chce się przyznać? Młoda dziewczyna po raz pierwszy w życiu wychodzi na ulicę, żeby zarobić na utrzymanie. Ciągle się waha, ale potrzebuje pieniędzy dla swojego małego syna. Kogo spotka tej nocy? Jaką decyzję podejmie? Po mieście w białym, terenowym samochodzie krąży mężczyzna, który wie, że to jest jego ostatnia noc na wolności. Ma tylko jeden cel. Zabić tak wiele osób, jak to tylko możliwe. Kto jeszcze padnie jego ofiarą? I jest jeszcze komisarz Jakub Mortka, który staje przed największym wyzwaniem w swoim życiu. A stawką są najbliższe mu osoby. Jak daleko jest się w stanie posunąć, żeby ich ocalić? To będzie długa noc. Dla nich wszystkich. Najważniejsza noc w ich życiu. Długa noc to szósta część cyklu o komisarzu Jakubie Mortce, ale też nowe otwarcie dla kolejnych powieści. Po kilku latach pracy w Hadze komisarz Mortka wraca do Polski. Wiele się zmieniło: dawna podwładna jest teraz jego zwierzchniczką, są nowi ludzie i nowe przepisy. Stare przyzwyczajenia Mortki nie wszystkim będą się podobać, bo komisarz najbardziej lubi działać solo. Najważniejsze jednak, że jest dalej skuteczny i być może powrót „na chwilę” okaże się zmianą na dłużej. Wojciech Chmielarz(ur. 1984)– autor kryminałów, dziennikarz, laureat Nagrody Wielkiego Kalibru (2015) i Wielkiego Kalibru Czytelników (2019), dziewięciokrotnie nominowany do tej nagrody. Autor cyklu powieści o komisarzu Jakubie Mortce: Podpalacz (2012), Farma lalek (2013), Przejęcie (2014), Osiedle marzeń (2016), Cienie (2018) i cyklu gliwickiego: Wampir (2015), Zombie (2017) i Wilkołak (2021), postapokaliptycznej powieści Królowa głodu (2022) oraz thrillera psychologicznego Żmijowisko (2018), za który otrzymał nagrodę Złotego Pocisku i Grand Prix Warszawskiego Festiwalu Kryminalnego. Powieść została zekranizowana dla Canal+. Po niej ukazały się kolejne thrillery – Rana (2019) i Wyrwa (2020) oraz powieści sensacyjne: Prosta sprawa (2020) i Dług honorowy (2021). Mieszka z rodziną w Warszawie.","Crime and mystery, Powieść polska"
/en/przejecie-9788380495159,książka / book,Książki i czasopisma / Books and periodicals,Wojciech Chmielarz,Przejęcie,,polski,Czarne,2022,Miękka ze skrzydełkami,12.5x20.5,392,0.38 kg,17/05/2017,9788380495159 (9788380495159),9788380495159,/img/product_images_new/429/322429_01_przejecie.300.jpg,"Środek upalnego lata, Kolumbia. Grupa Polaków wybranych do reklamy Coca-Coli spędza wakacje życia w luksusowym hotelu nad oceanem. Ale kiedy beztroscy turyści dostaną od Kolumbijczyków propozycję nie do odrzucenia, raj zmieni się w piekło. I nie wszyscy wrócą z tej podróży… Sobota nad ranem, w Warszawie wstaje świt. Słychać śpiew ptaków i szum rzeki. Z mostu Gdańskiego zwisa ciało mężczyzny – rozpruty brzuch, ręce skrępowane na plecach, a w dłoni orzeszek ziemny. W skorupce. W dynamicznej, pełnej napięcia i zaskakujących zwrotów akcji powieści z dobrze już znanym komisarzem Jakubem Mortką w roli głównej Wojciech Chmielarz potwierdza, że jest jednym z najlepszych autorów kryminałów młodego pokolenia. „Pióro Chmielarza sprawia, że chciałoby się wypić z komisarzem Jakubem Mortką parę kieliszków, porozmawiać o tym i owym. Na przykład o talentach jego twórcy. Świetne! Proszę o następny tom.” Michał Komar",Crime and mystery
/en/osiedle_marzen-9788380493490,książka / book,Książki i czasopisma / Books and periodicals,Wojciech Chmielarz,Osiedle marzeń,,polski,Czarne,2022,Miękka ze skrzydełkami,12.3x20.0,368,0.28 kg,14/09/2016,9788380493490 (9788380493490),9788380493490,/img/product_images_new/854/286854_01_osiedle_marzen.300.jpg,"Jedno z eleganckich zamkniętych osiedli w Warszawie, mały raj na ziemi, o jakim marzy co drugi Polak, budzi się ze snu. Ten dzień sprawi, że nic już nie będzie takie samo. Śmierć studentki, której zwłoki nad ranem znajduje ochroniarz, da początek serii zaskakujących wydarzeń. Życie mieszkańców przybierze dramatyczny obrót, a raj zmieni się w piekło. W tym miejscu, jak w Polsce w miniaturze, spotkają się polityka i mafia, seks i narkotyki, ambicje i aspiracje, tajemnice i marzenia, które czasem bywają zabójcze. Komisarz Jakub Mortka wraca, by rozwikłać kolejną zagadkę. U jego boku stanie aspirantka Suchocka, która sama ma w zanadrzu kilka tajemnic…",
/en/podpalacz-9788365780904,książka / book,Książki i czasopisma / Books and periodicals,Wojciech Chmielarz,Podpalacz,,polski,Marginesy,2021,Miękka ze skrzydełkami,13.5x2.1,368,0.392 kg,17/01/2018,9788365780904 (9788365780904),9788365780904,/img/product_images_new/629/361629_01_podpalacz.300.jpg,"Pierwsza część cyklu z komisarzem Jakubem Mortką W zimową noc w willi na Ursynowie wybucha pożar, w którym ginie biznesmen, a jego żona, celebrytka, zostaje ciężko poparzona. Przez chwilę wygląda to na nieszczęśliwy wypadek. Przez krótką chwilę. Sprawę prowadzi komisarz Mortka, przenikliwy człowiek w prestiżowej komórce policji, która potrafi doszczętnie zrujnować życie osobiste. Tao z pozoru proste dochodzenie coraz bardziej się gmatwa i niepostrzeżenie zaczyna pogarszać i tak już trudne relacje komisarza z byłą żoną. Czy Mortce uda się rozwiązać sprawę, zanim dojdzie do kolejnej tragedii? Jaki cel ma podpalacz? Dlaczego wybiera akurat te, a nie inne domy? A może zależy mu na konkretnej osobie, a pozostałe podpalenia mają odwrócić uwagę? Czy aby wyegzekwować sprawiedliwość, komisarz naciągnie granice prawa? Chmielarz ukazuje współczesną Polskę na nieprzyjemnym obrazku: dorosły mężczyzna, wykonujący bardzo trudną pracę, nie jest w stanie wynająć samodzielnego mieszkania, inny wyładowuje swoje frustracje, pijąc i bijąc żonę, kolejny zrobi wszystko dla kariery… Bardzo to przykre, ale i bardzo prawdziwe. I w tej prawdziwości tkwi siła Podpalacza. - Ewa Wrona, portalkryminalny.pl Najlepszy polski kryminał, jaki czytałem w tym roku. A przecież to debiut niespełna trzydziestoletniego pisarza. - Piotr Kofta, „Wprost” Na uwagę zasługuje pokazanie siermiężności policyjnej codzienności i przestępczej aktywności oraz konieczność uświadomienia sobie, że prawo, by usankcjonować sprawiedliwość, musi czasami wejść w milczący sojusz z bezprawiem. - Bernadetta Darska Wojciech Chmielarz opowiada: „Wiedziałem, że Podpalacz będzie miał kontynuację. Ale nie sądziłem, że w tak krótkim jednak czasie powstanie pięć tomów. I że ta historia potoczy się w takim kierunku. Postaci, które wymyśliłem – Mortka, Kochan, Gruda, Sucha – mocno nie zaskoczyły. Robiły rzeczy, których się po nich nie spodziewałem. Zupełnie inaczej to sobie na początku wyobrażałem, zaplanowałem. Ale to dobrze. Ten świat okazał się znacznie bogatszy i ciekawszy niż mógłbym przypuszczać”. Wojciech Chmielarz (ur. 1984) – autor kryminałów, dziennikarz, zdobywca Nagrody Wielkiego Kalibru (2015), pięciokrotnie nominowany do tej nagrody. Publikował m.in. w „Pulsie Biznesu”, „Pressie”, „Nowej Fantastyce”, „Pocisku” i „Polityce”. Były redaktor naczelny serwisu internetowego niwserwis.pl, zajmującego się tematyką przestępczości zorganizowanej, terroryzmu i bezpieczeństwa międzynarodowego. Uznawany za jednego z najbardziej obiecujących pisarzy kryminalnych młodszego pokolenia. Autor cyklu powieści o komisarzu Jakubie Mortce: Podpalacz (2012), Farma lalek (2013), Przejęcie (2014), Osiedle marzeń (2016), cyklu gliwickiego: Wampir (2015) i Zombie (2017) oraz postapokaliptycznej powieści Królowa głodu (2014). Mieszka w Warszawie.",Crime and mystery
/en/sto_milionow_dolarow-9788379859313,książka / book,Książki i czasopisma / Books and periodicals,Lee Child,Sto milionów dolarów,Night school,angielski,ALBATROS,2020,Miękka ze skrzydełkami,12.5x19.5,416,0.385 kg,,9788379859313 (9788379859313),9788379859313,/img/product_images_new/906/304906_01_jack_reacher_sto_milionow_dolarow.300.jpg,"Rok 1996. Jack Reacher nadal służy w wojsku i w ciągu jednego dnia otrzymuje medal, po czym niczym uczniak zostaje odesłany do szkoły. W szkolnej klasie zastaje dwóch mężczyzn: agenta FBI oraz analityka CIA. Każdy z nich jest wykwalifikowanym człowiekiem do zadań specjalnych i każdy z nich zastanawia się, co, do diabła, tutaj robią… I wreszcie się dowiadują, że uśpiona komórka dżihadystów w Hamburgu przyjęła pod swe skrzydła nieoczekiwanego gościa – kuriera z Arabii Saudyjskiej. Mężczyzna szuka bezpiecznego schronienia, w którym mógłby się spotkać z nieznanym człowiekiem. Okazuje się, że pracujący pod przykrywką agent CIA podsłuchał kuriera, gdy ten szeptał mrożącą krew w żyłach wiadomość: „Amerykanin chce sto milionów dolarów”. Sto milionów. Tylko za co? I kim jest tajemniczy nieznajomy? Reacher i jego dwaj nowi koledzy mają za zadanie odnaleźć tego mężczyznę. Zadanie nie jest łatwe, a atmosferę niepokoju podgrzewa wisząca nad ich głowami groźba: jeśli nie złapią człowieka, który za tym stoi, dojdzie do zamachu terrorystycznego, jakiego świat jeszcze nie widział. Reachera i jego współpracowników czeka pełen przygód, zdradzieckich terytoriów, fałszywych tożsamości i nowych okrutnych wrogów wyścig z czasem. Jack Reacher to jedna z najpopularniejszych serii sensacyjnych na świecie.  Lee Child stworzył postać, której nie sposób nie polubić. Mamy do czynienia z człowiekiem pełnym humoru i przenikliwości, ale także z głębokim poczuciem sprawiedliwości, który w razie potrzeby potrafi każdemu dać w twarz.",Crime and mystery
/en/nigdy_nie_wracaj-9788378858386,książka / book,Książki i czasopisma / Books and periodicals,Lee Child,Nigdy nie wracaj,Never go back,angielski,ALBATROS,2014,Miękka ze skrzydełkami,12.5x19.5,480,0.51 kg,,9788378858386 (9788378858386),9788378858386,/img/product_images_new/237/157237_01_nigdy_nie_wracaj.300.jpg,"Osiemnasta powieść z Jackiem Reacherem, byłym oficerem żandarmerii wojskowej, który przemierzając autostopem Stany Zjednoczone, samotnie wymierza sprawiedliwość. Bestseller # 1 w USA i innych krajach. Dotarcie z zasypanej śniegiem Dakoty Południowej do Wirginii zajęło Reacherowi sporo czasu. Po drodze kilka razy coś go zatrzymało, parokrotnie otarł się o śmierć. Nie zadawałby sobie tyle trudu, gdyby nie obietnica, jaką złożył pewnej kobiecie w randze majora, pełniącej od niedawna funkcję komendanta 110-tej jednostki specjalnej żandarmerii wojskowej, którą sam dowodził kilkanaście lat temu. Choć nigdy nie widział jej na oczy, urzekł go jej głos w słuchawce telefonu. Przekraczając bramę wjazdową do jednostki, miał wrażenie, jakby wracał do domu – jedynego, jaki kiedykolwiek posiadał. Niestety, wbrew oczekiwaniom, nie było tam Susan Turner. Zamiast kobiety za biurkiem dowódcy siedział mężczyzna – niejaki podpułkownik Morgan, facet o wyglądzie urodzonego biurokraty. Co stało się z Susan? Tego Reacher się nie dowiedział. Morgan nie omieszkał natomiast przekazać mu trzech naprawdę złych wiadomości: że właśnie został przywrócony do czynnej służby w armii USA, że czeka go sprawa karna o zabójstwo sprzed szesnastu lat oraz że wniesiono przeciwko niemu pozew o ojcostwo. Czy zarzuty wobec Jacka miały jakiś związek z tajemniczym zniknięciem major Turner? Komuś zależało, by szybko pozbyć się Reachera? Bo jeśli tak, to nieświadomie popełnił najgorszy błąd w swoim życiu…",Thrillers
/en/ostatnia_sprawa-9788376599458,książka / book,Książki i czasopisma / Books and periodicals,Lee Child,Ostatnia sprawa,THE AFFAIR,angielski,ALBATROS,2013,Miękka ze skrzydełkami,12.0x19.5,480,0.48 kg,,9788376599458 (9788376599458),9788376599458,/img/product_images_new/248/90248_01_ostatnia_sprawa.300.jpg,"Wszystko ma swój początek... W marcu 1997 roku Jack Reacher, czynny oficer żandarmerii wojskowej w randze majora, po raz ostatni wchodzi do Pentagonu. Za chwilę rozstrzygną się jego losy: zostanie aresztowany, zastrzelony w trakcie stawiania oporu lub dyscyplinarnie zwolniony ze służby. Zaledwie pięć dni wcześniej dowódca Reachera, generał Garber, wysłał go z tajną misją do Carter Crossing w stanie Missisipi. Na tyłach baru położonego przy głównej ulicy znaleziono zwłoki młodej kobiety, Janice Chapman, z poderżniętym gardłem. W bezpośrednim sąsiedztwie miasteczka znajduje się Fort Kelham – wielka baza wojskowa, zarazem ośrodek szkoleniowy komandosów. Czy zabójcą jest ktoś z miejscowych? Amerykański żołnierz? Aby nie nadawać śledztwu niepotrzebnego rozgłosu, Reacher ma przeprowadzić je incognito i złożyć raport przełożonym. Sprawy komplikują się, gdy szeryf Carter Crossing, niezwykle urodziwa Elizabeth Deveraux, rozszyfrowuje tożsamość Jacka. To od niej Reacher dowiaduje się, że Chapman nie była pierwszą, lecz trzecią kolejną ofiarą. W podobny sposób zginęły wcześniej dwie inne, olśniewająco piękne kobiety. Niestety, dochodzenia utknęły w martwym punkcie. Czy Deveraux, która je prowadziła, zależało na niewykryciu sprawcy?",
/en/nic_do_stracenia-9788376599960,książka / book,Książki i czasopisma / Books and periodicals,Lee Child,Nic do stracenia,,polski,ALBATROS,2014,Miękka ze skrzydełkami,12.0x19.5,464,0.47 kg,,9788376599960 (9788376599960),9788376599960,/img/product_images_new/773/141773_01_nic_do_stracenia.300.jpg,"Nadzieja i Rozpacz. Dwa miasteczka połączone dwudziestoma kilometrami nieuczęszczanej szosy gdzieś pośród pustynnych bezkresów Kolorado. I przemierzający je samotnie Jack Reacher, który chce tylko napić się kawy. Rozpacz okazuje się mało gościnnym miejscem. Bez żadnego powodu czterech osiłków próbuje wyrzucić Jacka z miasta. Policja odstawia go do granicy grożąc, że jeśli wróci, trafi do aresztu. Czy mieszkańcy czegoś się boją? Mają coś do ukrycia? Jeśli tak, to się przeliczyli. Bo Reacher nie ma nic do stracenia. Ani żadnych zahamowań. Dziwne zachowanie przedstawicieli lokalnej władzy wzmaga tylko jego determinację, by wyjaśnić ponure tajemnice, skrywane przez miasto i położony w pobliżu potężny zakład recyklingu złomu. Tajemnice, które mogą mieć związek z odległą wojną, w której giną tysiące ludzi. Jedynym sojusznikiem Jacka będzie młoda policjantka z Nadziei...",Thrillers
/en/61_godzin-9788376595078,książka / book,Książki i czasopisma / Books and periodicals,Lee Child,61 godzin,,angielski,Albatros,2011,Miękka,14.0x20.5,432,0.53 kg,,9788376595078 (9788376595078),9788376595078,/img/product_images_new/933/89933_01_61_godzin.300.jpg,"Zima w Dakocie Południowej. Minus dwadzieścia stopni, śnieżyca, oblodzona droga i zmęczony kierowca. Autobus, którym jedzie Reacher, wpada w poślizg i zjeżdża do rowu. Najbliższa miejscowość Bolton oddalona jest o trzydzieści kilometrów. Zanim zjawi się pomoc, wszyscy pasażerowie zdążą odczuć fatalne skutki mrozu. Niedaleko Bolton zbudowano olbrzymi zakład karny. W jednej z jego cel siedzi przywódca motocyklowego gangu handlującego amfetaminą, a w miasteczku mieszka główny świadek koronny, emerytowana bibliotekarka Jane Salter, strzeżona przez miejscową policję. Reacher odkrywa, że komisariat policji w Bolton znajduje się w stanie paranoi. Pilnować więzienia, czy pilnować świadka? Ktoś na pewno będzie próbował go uciszyć? Ktoś z miejscowych, może nawet policjant, czy nasłany morderca? Jaką tajemnicę kryje opuszczona baza wojskowa w pobliżu miasteczka - baza, której nie ma na żadnej mapie? Jack ma dokładnie 61 godzin, by znaleźć odpowiedź. Kluczem do niej jest pewien niski mężczyzna, który z ogrodzonej murem posiadłości sto kilkadziesiąt kilometrów od Mexico City pociąga za wszystkie sznurki.",Thrillers
/en/slepa_bogini-9788376485812,książka / book,Książki i czasopisma / Books and periodicals,Anne Holt,Ślepa bogini,,polski,Prószyński Media,2011,Miękka ze skrzydełkami,14.0x20.0,336,0.32 kg,,9788376485812 (9788376485812),9788376485812,/img/product_images_new/191/89191_01_slepa_bogini.300.jpg,"Doskonałe otwarcie nowego cyklu! W Oslo, nad rzeką Aker, policja znajduje martwego narkomana z raną postrzałową. Jego śmierć nie trafia na nagłówki gazet. Dopiero, gdy kilka dni później adwokat ofiary zostaje zamordowany we własnym mieszkaniu, sprawa wzbudza większe zainteresowanie. Powoli zaczyna wyłaniać się obraz brutalnej mafii narkotykowej, której rozpracowanie prowadzi do odkrycia mrocznych sił działających w społeczeństwie. Ślepa bogini to pierwszy tom cyklu o Hanne Wilhelmsen, śledczej z Komendy Okręgowej Policji w Oslo, „obdarzonej intuicją, jaką posiada tylko jeden na stu policjantów”.",
/en/bal_absolwentow-9788324132058,książka / book,,Ruth Newman,Bal absolwentów,Twisted wing,angielski,AMBER,2008,Twarda,14.0x20.0,272,0.41 kg,,9788324132058 (9788324132058),9788324132058,/img/product_images_new/048/29048_01_bal_absolwentow.300.jpg,"Bohaterowie - studenci z Cambridge. W roli detektywa - młody, wybitnie utalentowany psychiatra, dobrze wychowany i wrażliwy. Ofiary - najpiękniejsze studentki. Motyw – nieznany. Zbrodniarz: a.	Psychopatyczny seryjny morderca? b.	Ktoś spośród studenckiej światowej elity? c.	A może Rzeźnik z Cambridge to nie jedna osoba? Bo zabić mógł każdy z nich. Zakończenie – jakiego jeszcze nie było",
/en/fetysz-9788377311417,książka / book,Książki i czasopisma / Books and periodicals,Tara Moss,Fetysz,,angielski,VESPER,2013,Miękka ze skrzydełkami,14.5x21.0,384,0.43 kg,20/03/2013,9788377311417 (9788377311417),9788377311417,/img/product_images_new/577/130577_01_fetysz.300.jpg,"Makedde Vanderwall, 25-letnia kanadyjska modelka i studentka psychologii sądowej, przybywa do Australii na sesję zdjęciową. Dowiaduje się tam, że inna modelka - jej przyjaciółka, Cahterine - została brutalnie zamordowana. Wkrótce okazuje się, że Catherine może być jedną z wielu ofiar seryjnego mordercy. Makedde rozpoczyna własne śledztwo i nawiązuje znajomość z przystojnym policjantem, Andym Flynnem. W trakcie lektury poznajemy od podszewki świat modelek i tajniki śledztw policyjnych. Wszystko to w atrakcyjnej scenerii zimowego Sydney… Tara Moss - (ur. 1973) kanadyjsko-australijska pisarka i prezenterka telewizyjna. Jest autorką wielu bestsellerowych kryminałów, popularnych w krajach anglosaskich i przetłumaczonych na kilkanaście języków. „Fetysz” to pierwsza książka z liczącego sześć tomów cyklu o przygodach Makedde Vanderwall.",
/en/ostre_przedmioty-9788377789438,książka / book,Książki i czasopisma / Books and periodicals,Gillian Flynn,Ostre przedmioty,Sharp objects,angielski,Słowne (dawniej Burda Książki),2015,Twarda,13.5x20.5,360,0.36 kg,14/01/2015,9788377789438 (9788377789438),9788377789438,/img/product_images_new/052/193052_01_ostre_przedmioty.300.jpg,"Najlepszy thriller Amazon.com! Camille Preaker po krótkim pobycie w klinice psychiatrycznej wraca do pracy reporterki w „Daily Post” i otrzymuje zlecenie na artykuł o tajemniczych zabójstwach dwóch małych dziewczynek w jej rodzinnym miasteczku. Z niechęcią wraca do wspaniałej wiktoriańskiej rezydencji, w której się wychowała, gdzie zaczyna ją prześladować wspomnienie tragedii z dzieciństwa. Stara się odkryć prawdę o brutalnych zbrodniach. Wszystkie tropy prowadzą jednak w ślepą uliczkę i zmuszają Camille do rozwikłania zagadki własnej przeszłości, której musi stawić czoło. „Znakomity debiut to zbyt łagodnie powiedziane. Nie czytałem tak bezlitośnie przerażającej sagi rodzinnej od czasu Wężoskóry Johna Harrisa, po którą sięgnąłem trzydzieści lat temu. Ostre przedmioty to nie jakaś tam płytka powieść oparta na chwytliwych pomysłach; jej groza narasta. Ostatnie trzydzieści stron czytałem, czując strach, ale nie mogłem oderwać się od nich. Gdy już zgasiłem światło, cała historia wciąż tkwiła w mojej głowie, wijąc się i sycząc niczym wąż w jamie. Zachwycający kawał dobrej literatury, napisany świetnym językiem i z dużą wnikliwością”. Stephen King „Dowcipny, stylowy, fascynujący debiut. Prawdziwe objawienie”. Harlan Coben Gillian Flynn zadebiutowała powieścią „Ostre przedmioty”, którą obsypano najważniejszymi nagrodami literackimi na świecie i znakomitymi recenzjami. Kolejna książka „Mroczny Zakątek” była bestsellerem „New York Timesa”. Trafiła do finału Ian Fleming Steel Dagger Award oraz na listy najlepszych książek. Pisarkę uhonorowano prestiżową Quill Award za najlepszy thriller roku. Kolejna powieść „Zaginiona dziewczyna” podbiła serca krytyków i czytelników na całym świecie i przeniesiono ją na ekran w reżyserii Davida Finchera.",Thrillers
/en/zaginiona_dziewczyna-9788377784945,książka / book,Książki i czasopisma / Books and periodicals,Gillian Flynn,Zaginiona dziewczyna,,,G+J Książki,2013,Miękka,,652,0.46 kg,19/03/2013,978-83-7778-494-5 (9788377784945),9788377784945,/img/product_images_new/363/296363_01_zaginiona_dziewczyna.300.jpg,"Jest upalny letni poranek, a Nick i Amy Dunne obchodzą właśnie piątą rocznicę ślubu. Jednak nim zdążą ją uczcić, mądra i piękna Amy znika z ich wielkiego domu nad rzeką Missisipi. Podejrzenia padają na męża. Nick coraz więcej kłamie i szokuje niewłaściwym zachowaniem. Najwyraźniej coś kręci i bez wątpienia ma w sobie wiele goryczy - ale czy rzeczywiście jest zabójcą? Z siostrą Margo u boku próbuje udowodnić swoją niewinność. Jednak jeśli Nick nie popełnił zbrodni, gdzie w takim razie podziewa się jego cudowna żona?",Thrillers
/en/mroczny_zakatek-9788324025909,książka / book,Książki i czasopisma / Books and periodicals,Gillian Flynn,Mroczny zakątek,Dark places,angielski,Znak,2014,Miękka,13.5x21.0,512,0.465 kg,08/10/2014,9788324025909 (9788324025909),9788324025909,/img/product_images_new/501/181501_01_mroczny_zakatek.300.jpg,"Libby Day była małą dziewczynką, gdy zamordowano jej matkę i dwie starsze siostry. To jej zeznania doprowadziły do skazania jej piętnastoletniego brata Bena na dożywocie. Dziś, po dwudziestu pięciu latach, Ben nadal siedzi w więzieniu, a Libby desperacko potrzebuje pieniędzy. Kiedy więc członkowie Klubu Zbrodni, stowarzyszenia, które fascynuje się tajemniczymi zabójstwami uznają, że Ben został niesłusznie skazany i proponują jej pieniądze w zamian za pomoc w jego uwolnieniu, Libby nie może się nie zgodzić. Musi poradzić sobie z demonami przeszłości, ocenić, co naprawdę pamięta z tamtej nocy, a co wmówiono jej w trakcie śledztwa i wreszcie poznać prawdę o swojej rodzinie. Czy brutalnego morderstwa dopuścił się brat, posądzany o satanizm? Czy śledczy popełnili błąd? Gillian Flynn jest światowym fenomenem wydawniczym. Jej ostatnia powieść, „Zaginiona dziewczyna”, sprzedała się w ponad 6 milionach egzemplarzy i zapoczątkowała modę na thrillery psychologiczne -podobną do tej na kryminały skandynawskie po publikacji trylogii „Millenium”. Jej debiutancka powieść „Ostre przedmioty”, jako pierwsza w historii, zdobyła dwie Dagger Award. „Mroczny zakątek” został wybrany najlepszą książką roku według „Publisher’s Weekly”, ulubioną książką krytyków „New York Timesa” i „Chicago Tribune”. Tej jesieni w kinach pojawią się ekranizacje dwóch jej powieści: „Zaginionej dziewczyny” w reżyserii Davida Finchera i „Mrocznego zakątka” z Charlize Theron w roli głównej. Libby Day Dziś Gdzieś we mnie w środku gnieździ się wredność, nama¬calna niczym organ wewnętrzny. Gdyby ktoś rozciął mi brzuch, pewnie by wypadła na podłogę, jak kawał brunat¬nego mięsa, który można by podeptać. Jestem nieodrod¬ną córką Dayów. W naszych żyłach płynie skażona krew. Nigdy nie należałam do grzecznych dzieci, a po masakrze zrobiłam się jeszcze gorsza. Mała Sierotka Libby z dnia na dzień pochmurniała i więdła, przerzucana od jednych krewnych do drugich – od dalekich kuzynów do sióstr bab¬ci, a potem do przyjaciół przyjaciół – i tułała się po przycze¬pach kempingowych i zapadłych ranczach w całym Kansas. Do szkoły poszłam w za dużych ciuchach po starszych, nie¬żyjących siostrach. Koszule miały musztardowe plamy pod pachami. Spodnie wiszące w kroku, jak u klauna, trzymały się na zdezelowanym pasku, zapiętym na ostatnią dziur¬kę. Na każdym zdjęciu klasowym mam rozczochrane wło¬sy, a spinki zwisające z kosmyków wyglądają jak paprochy, które przywiał wiatr. Wory pod oczami jak u zapijaczonej dozorczyni. Pogardliwie wykrzywione usta miały chyba imitować uśmiech. Tego akurat nie jestem pewna. Nie byłam rozkosznym dzieckiem i kiedy dorosłam, bynajmniej nie zyskałam na uroku osobistym. Moją du¬szę można by przedstawić jako paskudny bohomaz z wiel-kimi kłami...",
/en/lotnisko_w_monachium-9788379762613,książka / book,Książki i czasopisma / Books and periodicals,Greg Baxter,Lotnisko w Monachium,,polski,Czwarta Strona,2015,Twarda,14.6x21.0,318,0.442 kg,06/05/2015,9788379762613 (9788379762613),9788379762613,/img/product_images_new/055/202055_01_lotnisko_w_monachium.300.jpg,"Amerykanin mieszkający w Londynie odbiera telefon. Niemiecka policja informuje go o śmierci siostry. Miriam zmarła z zagłodzenia. Trzy tygodnie później bohater, jego starzejący się ojciec i amerykańska urzędniczka konsularna znajdują się na spowitym mgłą lotnisku w Monachium, skąd trumna z ciałem Miriam ma zostać przewieziona do Stanów. Opóźnienie w podróży wywołuje lawinę wspomnień i pytań o przyczynę tej niespodziewanej i wydawać by się mogło, osobliwej śmierci. Lotnisko w Monachium to przejmująca opowieść o samotności. Wciągająca, śmiała i hipnotyczna lektura – dzieło jednego z najbardziej utalentowanych współczesnych pisarzy amerykańskich. „Wybitny talent!”  The Guardian „Jeśli powieść Saula Bellowa opisywała, jak twierdzili niektórzy recenzenci, śmierć patriarchatu w połowie XX w., Lotnisko w Monachium jest jego sekcją zwłok, kryminalnym śledztwem mówiącym o tym, co oznacza w dzisiejszych czasach bycie mężczyzną i bycie człowiekiem”. Times Literary Supplement „To powieść, która bez cienia sentymentalizmu mówi o znaczeniu rodziny i – na odwrót – o egzystencjalnej samotności każdej  postaci – samotności, która zubożyła ich życie”. Independent „Opowieść… o czasach, w których żyjemy, o naturze konsumpcji oraz o prześladujących nas lękach, które odseparowują nas od samych siebie i innych…”. Irish Times",
/en/zamet-9788380159990,książka / book,Książki i czasopisma / Books and periodicals,Vincent V. Severski,Zamęt,,polski,Czarna owca,2022,Miękka ze skrzydełkami,13.3x20.0,528,0.54 kg,18/04/2018,9788380159990 (9788380159990),9788380159990,/img/product_images_new/627/367627_01_zamet.300.jpg,"W Pakistanie porwany zostaje przez talibów polski biznesmen. Grozi mu śmierć. Do akcji ratunkowej rusza super tajna jednostka Agencji Wywiadu znana jako „Sekcja”. Szybko okazuje się jednak, że porwanie jest tylko częścią szerszego planu, w który zaangażowane są wywiady różnych krajów i staje się ono powodem do bezwzględnych rozgrywek politycznych w Polsce. Pod kierunkiem ekscentrycznego Romana „Sekcja”, czyli Monika – absolwentka ASP, Dima – były nielegał, Ela i Witek, z narażeniem życia próbują zdemaskować zdrajcę i podróżując przez Grecję, Rosję, Pakistan i RPA rozwikłać trudną szpiegowską zagadkę. Informacja dotycząca wprowadzenia produktu do obrotu: Ten produkt został wprowadzony na rynek przed 13 grudnia 2024 r. zgodnie z obowiązującymi wówczas przepisami (Dyrektywą o ogólnym bezpieczeństwie produktów). W związku z tym może on być nadal sprzedawany bez konieczności dostosowania do nowych wymogów wynikających z Rozporządzenia o Ogólnym Bezpieczeństwie Produktów (GPSR). Produkt zachowuje pełną legalność w obrocie, a jego jakość i bezpieczeństwo pozostają zgodne z obowiązującymi wcześniej standardami. Information regarding product placement on the market: This product was placed on the market before December 13, 2024, in accordance with the applicable regulations at the time (the General Product Safety Directive). As a result, it can continue to be sold without needing to meet the new requirements introduced by the General Product Safety Regulation (GPSR). The product remains fully compliant with all previously valid legal standards, ensuring its continued quality and safety.",Crime and mystery
/en/zludzenie-9788375444391,książka / book,Książki i czasopisma / Books and periodicals,Thomas Erikson,Złudzenie,,szwedzki,REA,2012,Miękka ze skrzydełkami,15.0x22.5,576,0.61 kg,,9788375444391 (9788375444391),9788375444391,/img/product_images_new/124/79124_01_zludzenie.300.jpg,"W przeciągu jednego tygodnia w Sztokholmie zostaje zastrzelonych dwóch biznesmenów. Zanim z zimną krwią publicznie wykonano na nich wyrok, obaj byli szantażowani. Zabójca zdaje się nie popełniać żadnych błędów. Behawiorysta Alex King, początkowo wezwany przez policję w roli świadka, szybko wplątuje się w wydarzenia związane ze śledztwem. Do spółki z komisarzem Gabrielem Hellmarkiem oraz panią inspektor Niną Mander, próbuje rozwikłać tę niezwykłą zagadkę. Wszystko wskazuje bowiem na to, że policja ma do czynienia z zupełnie nowym graczem w sztokholmskim świecie przestępczym. THOMAS ERIKSON – behawiorysta, trener, specjalista w zakresie coachingu liderów. Mieszka pod Sztokholmem z partnerką życiową oraz piątką dzieci. Złudzenie to jego debiutancka powieść.",Thrillers
/en/odwet-9788376486345,książka / book,Książki i czasopisma / Books and periodicals,Kristina Ohlsson,Odwet,Tusenskonor,polski,Prószyński Media,2011,Miękka ze skrzydełkami,14.0x20.5,400,0.37 kg,,9788376486345 (9788376486345),9788376486345,/img/product_images_new/235/89235_01_odwet.300.jpg,"W klaustrofobicznym świecie zbrodni życie nie ma wartości. Ale może mieć swoją cenę. Trzymający w napięciu skandynawski kryminał następczyni Henninga Mankella! W Sztokholmie znaleziono zwłoki pastora Ahlbina i jego małżonki. Pozostawiony przez mężczyznę list sugeruje, że zabił żonę, a następnie popełnił samobójstwo. Powodem miała być wiadomość o śmierci córki, która zmarła wskutek przedawkowania narkotyków. Ci, którzy znali rodzinę, utrzymują jednak, że córka Ahlbinów nie była narkomanką, a śmierć pastora miała związek z prowadzoną przez niego działalnością na rzecz nielegalnych imigrantów. Wkrótce dochodzi do kolejnych tajemniczych śmiertelnych wypadków, które łączą się ze sprawą Ahlbinów. Wielowątkowe, skomplikowane dochodzenie odsłania stopniowo powiązania pomiędzy ofiarami morderstw w Sztokholmie, a także ujawnia tło wydarzeń rozgrywających się w Bangkoku, gdzie ktoś prześladuje szwedzką dziennikarkę…",
/en/drzewo_morwowe-9788393346257,książka / book,Książki i czasopisma / Books and periodicals,Tomasz Białkowski,Drzewo Morwowe,,polski,Szara Godzina,2012,Miękka,13.5x21.0,304,0.32 kg,13/06/2012,9788393346257 (9788393346257),9788393346257,/img/product_images_new/628/109628_01_drzewo_morwowe.300.jpg,"Rok 2004. Na północy kraju dochodzi do serii morderstw, których ofiarami są starsi mężczyźni. Paweł Werens, młody dziennikarz jednej z warszawskich gazet, otrzymuje zadanie napisania reportażu o tych wstrząsających wydarzeniach. Początkowa pogoń za sensacją zamienia się wkrótce w walkę z demonami przeszłości. Jaki związek mają współczesne brutalne morderstwa z męczeńską śmiercią pierwszych chrześcijan? Czy dziennikarskie śledztwo prowadzone przez Werensa pozwoli na rozwiązanie zagadki i powstrzymanie przestępcy przed ukończeniem szaleńczego planu, czy też zadziała jak katalizator, pociągając za sobą kolejne ofiary? I co oznaczają motyle znalezione w ustach zabitych? Białkowski potrafi swoją opowieścią przerazić, zaintrygować i zachwycić. Odnajdziemy tutaj to, co lubimy najbardziej w trzymających w napięciu historiach: tajemnicę, zawiłą intrygę, wyrafinowane zbrodnie i perfekcyjne planowanie. Warto zanurzyć się w tej miejscami makabrycznej, ale inteligentnej powieści i poczuć smak dobrego polskiego kryminału. Losy głównego bohatera Drzewa morwowego będzie można śledzić w kolejnej powieści Tomasza Białkowskiego pt. Kłamca.",Crime and mystery
/en/sukienka_z_mgiel-9788377790762,książka / book,Książki i czasopisma / Books and periodicals,Joanna M. Chmielewska,Sukienka z mgieł,,polski,MG,2013,Miękka,14.5x20.5,240,0.23 kg,,9788377790762 (9788377790762),9788377790762,/img/product_images_new/312/96312_01_sukienka_z_mgiel.300.jpg,"Piwnica pod Liliowym Kapeluszem to miejsce niezwykłe. Podobnie jak i jej właścicielka – Weronika, która potrafi odpowiedzieć na pytanie, zanim rozmówca zdąży je zadać, przeczuwa, co się wydarzy, widzi więcej niż inni… I wie, że ludzie przychodzą do kawiarni niekoniecznie po to, żeby się napić dobrej kawy, a ich oczekiwania czasami mają niewiele wspólnego z tym, co figuruje w menu. Czego więc szukają i co odnajdują w Piwnicy pod Liliowym Kapeluszem jej goście? Małomówny, który nie rozstaje się ze swoim laptopem, zasłaniająca rękawem siniak Krycha Karpieluk, autystyczna Kora i jej mama, Mateusz zamawiający zawsze kawę Monsooned Malabar, Ala o wyglądzie grzecznej dziewczynki i obgryzający paznokcie Andrzejek… I co może zmienić czasami z pozoru niewiele znaczące zdarzenie? Jakaś wizytówka, która wypadła z portfela, ludzik z kamyków, latte podana zamiast czarnej Monsooned Malabar albo kilka słów wypowiedzianych w odpowiednim momencie… Ci, którzy czytali Poduszkę w różowe słonie, spotkają w Sukience z mgieł starych znajomych i dowiedzą się, co z Brazylijczykiem, z którym Weronikę połączyła nie tylko miłość do kawy, i czy udało się Ani, Hance i Łukaszowi.",
/en/zabojczy_miesiac_miodowy-9788375757392,książka / book,Książki i czasopisma / Books and periodicals,"Don Lasseter , Ronald E. Bowers",Zabójczy miesiąc miodowy,,polski,Hachette Polska,2011,Miękka,13.5x20.5,400,0.34 kg,,9788375757392 (9788375757392),9788375757392,/img/product_images_new/100/83100_01_zabojczy_miesiac_miodowy.300.jpg,"Rebeka Salcedo miała miły uśmiech, ponętne ciało i wielki apetyt na życie. Brakowało jej tylko pieniędzy, tymi zaś dysponował nieśmiały Bruce Cleland. Wystarczyło wymyślić, jak przejąć jego fortunę. Najlepiej skłaniając go do ożenku, a potem... wysyłając na tamten świat.",
/en/londyn_we_krwi-9788377583425,książka / book,Książki i czasopisma / Books and periodicals,James Craig,Londyn we krwi,London Calling,polski,Akurat,2013,Miękka ze skrzydełkami,13.0x20.5,336,0.27 kg,29/05/2013,9788377583425 (9788377583425),9788377583425,/img/product_images_new/770/135770_01_londyn_we_krwi.300.jpg,"Londyn we krwi to debiutancka powieść londyńskiego dziennikarza Jamesa Craiga. Autor nazywa ją „europejskim kryminałem” zabarwionym czarnym humorem. W trakcie kampanii przed wyborami parlamentarnymi ktoś w bestialski sposób morduje byłych członków ekskluzywnego Merrion Club. Wszystko wskazuje na to, że na liście zabójcy są również charyzmatyczni i bezwzględni bliźniacy, Edgar i Xawier Carlton, ludzie gotowy na wszystko, by zdobyć władzę. Inspektor John Carlyle wcale nie jest zachwycony tym, że zadanie ujęcia okrutnego mordercy przypadło właśnie jemu. Tropiąc sprawcę, zagłębia się w mroczny świat brytyjskich klas rządzących. Moralność tam nie istnieje, liczy się wyłącznie władza.  Carlyle musi znaleźć zabójcę, zanim ludzie Carltonów wezmą sprawy w swoje ręce. Ślady prowadzą w przeszłość, o której wiele osób z pierwszych stron gazet wolałoby na zawsze zapomnieć… Mocny kryminał z ostro zarysowanym wątkiem politycznym. Autor – były dziennikarz – nie waha się opisywać wyjątkowo brutalnych zbrodni, ale równie często korzysta z typowo angielskiego poczucia humoru. Washington Post W swojej debiutanckiej książce James Craig po mistrzowsku snuje opowieść o dokonywanej z zimną krwią zemście; bogactwo szczegółów i unikalna narracja sprawiają, że z niecierpliwością czekamy na kolejne książki. Kirkus Review Wciąga tak, że nie sposób oderwać się od lektury. Library Journal Rewelacyjna mieszanka kryminału, horroru i thrillera politycznego. Gumshoe Reviews James Craig – urodzony w Szkocji autor kryminałów. Zadebiutował jako pisarz w 2011 roku powieścią Londyn we krwi, która rozpoczyna serię z inspektorem Johnem Carlyle w roli głównej. Zanim zajął się pisaniem, przez trzydzieści lat pracował jako dziennikarz, konsultant i producent telewizyjny. Swoją twórczość nazywa „europejskim kryminałem"" – pełnym odcieni szarości, niejednoznacznej moralności i niedokończonych spraw. Mieszka z żoną i córką w londyńskiej dzielnicy Covent Garden. Jest fanem Liverpool F.C. George ocknął się z paskudnym posmakiem w ustach i bólem głowy, który niemal doprowadzał go do płaczu. Siedział w salonie, z rękami i nogami przywiązanymi do jedynego krzesła w jego mieszkaniu. Ktoś owinął mu również taśmą klatkę piersiową i oparcie krzesła, by mieć pewność, że nie zdoła się poruszyć. Tą samą taśmą zakleił George’owi usta. Zrozumiawszy, że nawet firmy użyteczności publicznej nie posunęłyby się do takich metod, by zyskać nowych klientów, wpadł w panikę. Zaczął gryźć taśmę i rozpaczliwie próbował podnieść się z krzesła. - Spokojnie, spokojnie – przemówił ktoś cichym, kojącym głosem. – Staraj się miarowo oddychać. Jednak widok dłoni spoczywającej na jego ramieniu wcale nie uspokoił George’a. Okrywała ją gumowa rękawiczka podobna do tych, jakie noszą lekarze, lub jakie na filmach zakładają mordercy tuż przed tym, jak masakrują swoje ofiary. (fragment książki)",
/en/moj_przyjaciel_mrok-9788328014787,książka / book,Książki i czasopisma / Books and periodicals,Lisa Unger,Mój przyjaciel mrok,,polski,W.A.B.,2014,Miękka,12.5x19.5,400,0.354 kg,28/01/2015,9788328014787 (9788328014787),9788328014787,/img/product_images_new/835/189835_01_moj_przyjaciel_mrok.300.jpg,"Pisarka Bethany Graves po trudnym rozwodzie przeprowadza się do Hollows, miasteczka w północno-wschodnich Stanach. Tu planuje napisać książkę i naprawić swoje relacje z nastoletnią córką, Willow. Gdy dziewczyna odkrywa w pobliskim lesie jamę przypominającą grób, obie kobiety wikłają się w śledztwo sięgające wydarzeń sprzed dwudziestu pięciu lat.",
/en/zakladnik-9788377990827,książka / book,Książki i czasopisma / Books and periodicals,John Gilstrap,Zakładnik,,angielski,ŚWIAT KSIĄŻKI,2011,Miękka,13.5x21.5,400,0.48 kg,,9788377990827 (9788377990827),9788377990827,/img/product_images_new/977/96977_01_zakladnik.300.jpg,"Uznany przez „New York Timesa” za autora bestsellerów John Gilstrap wprowadza nas w swoim nowym, przykuwającym uwagę thrillerze w tajemniczy świat, gdzie stawki są wysokie, gracze mają znaczone karty, a straszliwa tajemnica za chwilę ujrzy światło dzienne… Jonathan Grave, ekspert w dziedzinie uwalniania zakładników wkracza na obszary, gdzie nie zapuszcza się nawet rząd. Od kul ginie niewinny człowiek, a dwóch młodych ludzi znika. Aby utrzymać ich i swój zespół przy życiu, Jonathan musi zagłębić się w przerażający tajemny świat, którego podstępne ścieżki prowadzą na same szczyty władzy. Musi pokonać przeciwników, gotowych zabijać bez końca, byle tylko prawda nie wyszła na jaw…",
/en/niewinny-9788328009714,książka / book,Książki i czasopisma / Books and periodicals,David Baldacci,Niewinny,The innocent,angielski,W.A.B.,2014,Miękka,12.5x19.5,494,0.424 kg,09/07/2014,9788328009714 (9788328009714),9788328009714,/img/product_images_new/755/172755_01_niewinny.300.jpg,"Niewinny otwiera nowy cykl sensacyjny etatowego twórcy bestsellerów. Zdrada w amerykańskich tajnych służbach i perfekcyjny zabójca na tropie spisku… Kiedy ani FBI, ani wojsko nie potrafią powstrzymać zagrożenia, rząd USA angażuje Willa Robiego, płatnego mordercę, który nie zadaje pytań i nigdy nie zawodzi. Niestety, okazuje się, że Will popełnił pierwszy – i być może ostatni – błąd w swojej karierze… ""Ta książka jest do przeczytania w jeden dzień, a jej zakończenie całkowicie cię zaskoczy. Jedna z najlepszych powieści Baldacciego. „Suspense Magazine”",
/en/dzien_zero-9788328009080,książka / book,Książki i czasopisma / Books and periodicals,David Baldacci,Dzień zero,Zero Day,angielski,W.A.B.,2014,Miękka,12.5x19.5,560,0.41 kg,09/04/2014,9788328009080 (9788328009080),9788328009080,/img/product_images_new/828/160828_01_dzien_zero.300.jpg,"Pierwsza część nowego bestsellerowego cyklu Davida Baldacciego! Nowy bohater – podobno najlepszy agent w amerykańskiej armii – na tropie niebezpiecznego spisku… John Puller jest agentem Wojskowego Wydziału Śledczego i otrzymał rozkaz, by zbadać sprawę makabrycznego zabójstwa. Pułkownik wywiadu Matthew Reynolds został zamordowany wraz ze swoją żoną i dwojgiem nastolenich dzieci. Puller błyskawicznie dociera na miejsce, do sennego miasteczka w Wirginii Zachodniej, i ku swemu zdumieniu odkrywa kolejne zwłoki – policjant pilnujący miejsca zbrodni został powieszony. Historię jak ze złego snu, spisek, który może wywołać niewyobrażalne skutki…",
/en/odpowiedz-_jesli_mnie_slyszysz-9788324152094,książka / book,Książki i czasopisma / Books and periodicals,Ninni Schulman,"Odpowiedz, jeśli mnie słyszysz",,szwedzki,AMBER,2014,Miękka,13.0x20.5,368,0.31 kg,09/12/2014,9788324152094 (9788324152094),9788324152094,/img/product_images_new/694/189694_01_odpowiedz-_jesli_mnie_slyszysz.300.jpg,"Powieść z bohaterką Dziewczyny ze śniegiem we włosach. „Taką powieść chciałaby napisać Camilla Läckberg”. „BORAS TIDNING” o Dziewczynie ze śniegiem we włosach Realistyczna sensacyjna intryga rozwija się w zamkniętej społeczności, wśród wiarygodnych bohaterów – zwykłych ludzi, z których każdy kryje sekret, o którym wolałby zapomnieć. Październikowy ranek, lasy pod Hagfors. Podczas polowania pada strzał, od którego ginie jeden z myśliwych. Jego czternastoletnia córka, która była razem z nim, znika... Nieszczęśliwy wypadek czy morderstwo? Dwadzieścioro uczestników polowania staje się podejrzanymi. Wśród nich jest szefowa policji w Hagfors i ojciec młodej dziennikarki Magdaleny Hansson. I to właśnie Magdalena wpada na trop przeoczony przez policję. Jest na urlopie macierzyńskim, jej związek z mężczyzną jej życia przeżywa kryzys, a mimo to – a może właśnie dlatego? – angażuje się w śledztwo na własną rękę. I odkrywa, że zabity miał wiele sekretów i wielu wrogów. A każdy z nich miał motyw, żeby zabić – z zemsty, zawiści, rozpaczy… „W swoim kolejnym świetnym kryminale Ninni Schulman imponująco wiarygodnie pokazuje, jak rozpada się życie wszystkich związanych ze zbrodnią”. „DAGENS NYHETER” Szwedzka dziennikarka NINNI SCHULMAN została okrzyknięta gwiazdą szwedzkiego kryminału. Jej książki sprzedano w Szwecji w 250 000 egzemplarzy. Międzynarodową sławę zyskała powieścią Dziewczyna ze śniegiem we włosach, pierwszą w serii z dziennikarką Magdaleną Hansson. Powieść uznano za przykład najlepszej tradycji skandynawskiego kryminału.",
/en/zagluszyc_krzyk-9788324145317,książka / book,Książki i czasopisma / Books and periodicals,Neil White,Zagłuszyć krzyk,,polski,AMBER,2013,Miękka ze skrzydełkami,13.0x20.5,352,0.26 kg,,9788324145317 (9788324145317),9788324145317,/img/product_images_new/755/131755_01_zagluszyc_krzyk.300.jpg,"Literacki kryminał oparty na prawdziwej historii seryjnego mordercy. 1. miejsce w Amazonie przez 4 tygodnie 150 000 sprzedanych egzemplarzy przez 6 miesięcy Rozbiera je, wiąże, zapycha usta ziemią. A potem pisze wiersz. I wysyła go do gazety… Taki morderca istniał naprawdę. Dennis Rader z Wichita w stanie Kansas w ciągu kilkunastu lat zamordował dziesięć osób. Jego ofiarami były głównie kobiety. Szukając rozgłosu, wysyłał listy do gazet i kontaktował się z policją. Chciał, by nadano mu pseudonim, pragnął być zapamiętany jako „Morderca BTK” – skrót od określenia sposobu, w jaki zadawał śmierć: „Bind them (zwiąż je), Torture them (torturuj je), Kill them (zabij je)”. Dennis Rader, jeden z najsłynniejszych amerykańskich seryjnych morderców, był szanowanym obywatelem, filarem swojej społeczności, wiernym lokalnej kongregacji i… przewodniczącym rady kościelnej. Do swoich listów do prasy dołączał wiersze zapowiadające kolejne morderstwa. Właśnie te wiersze doprowadziły do jego aresztowania w 2005 roku. Wiersze Dennisa Radera zainspirowały Neila White’a – prawnika i nową gwiazdę brytyjskiego kryminału - do stworzenia fabuły powieści Zagłuszyć krzyk. Mocna, atmosferyczna powieść, wręcz naładowana napięciem i porażająca psychologicznym suspensem. Neil White wziął szturmem rynek kryminału. „The Times”",Horrors and suspense
/en/kamienna_cisza-9788324149667,książka / book,Książki i czasopisma / Books and periodicals,Kjell Eriksson,Kamienna cisza,,polski,AMBER,2014,Miękka ze skrzydełkami,13.0x20.5,336,0.30 kg,03/04/2014,9788324149667 (9788324149667),9788324149667,/img/product_images_new/236/160236_01_kamienna_cisza.300.jpg,"Finalistka nagrody dla najlepszej powieści roku Szwedzkiej Akademii Literatury Kryminalnej Seria z komisarz Ann Lindell Każdego nowego szwedzkiego pisarza kryminalnego reklamuje się dziś jako następcę Stiega Larssona. Przy Erikssonie ten numer nie przejdzie, bo to jeden z  nauczycieli autora Millennium. Piotr Bratkowski „Newsweek Polska” Genialne! Kjell Eriksson uosabia najlepszą szwedzką tradycję literacką: realizm. Ale pisze pięknym językiem i właśnie to sprawia, że Kamienna cisza przyćmiewa inne współczesne kryminały. „Helsingborgs Dagblad” W swoich kryminałach Kjell Eriksson wykreował nowy literacki krajobraz Szwecji: wiejskie, pozornie idylliczne tereny pod Uppsalą. A Kamienna cisza to jedna z najlepszych powieści gatunku. „Aftonbladet” Uppsala-Näs. Wiejska droga. Słoneczne czerwcowe przedpołudnie. Josefin Cederén z sześcioletnią córeczką idzie na cmentarz odwiedzić grób matki. Samochód uderza w nie z całej siły. Dziewczynka umiera w ułamku sekundy. Josefin żyje jeszcze dość długo, by pomyśleć, że mogła uratować córce życie... Wypadek. Tragiczny. Ale po prostu wypadek. Kierowca najprawdopodobniej przeraził się i uciekł. Tego samego ranka znika bez śladu mąż Josefin, Sven-Erik Cederén. Pracował w firmie farmaceutycznej MedForsk w Uppsali, prowadził badania nad nowymi lekami. Poszukiwaniami kieruje komisarz Ann Lindell. Wciąż boryka się z własnymi problemami. Wciąż nie może zapomnieć o mężczyźnie, od którego odeszła pół roku wcześniej. Wciąż słyszy jego słowa, czuje jego dłonie. Żaden mężczyzna dotąd nie zapadł w jej życie tak jak on. A to nie pomaga jej skoncentrować się na sprawie, która staje się coraz bardziej zagadkowa. Ann dowiaduje się, że Cederén kupił niedawno posiadłość na Dominikanie. A kilka dni później ponure odkrycie na leśnej polanie wskazuje, że jego życie skrywało więcej tajemnic. Śmiertelnie groźnych dla wszystkich, którzy je poznali…",
/en/ksiezniczka_burundi-9788324149773,książka / book,Książki i czasopisma / Books and periodicals,Kjell Eriksson,Księżniczka Burundi,,polski,AMBER,2014,Miękka,13.0x20.5,400,0.39 kg,,9788324149773 (9788324149773),9788324149773,/img/product_images_new/597/170597_01_ksiezniczka_burundi.300.jpg,"„Każdego nowego szwedzkiego pisarza kryminalnego reklamuje się dziś jako następcę Sti ega Larssona.Przy Erikssonie ten numer nie przejdzie, bo to jeden z nauczycieli autora Millennium”. PIOTR BRATKOWSKI „NEWSWEEK POLSKA” „Księżniczka Burundi zachwyca zagadkową, inteligentną intrygą i powściągliwą melancholią języka”. „THE WASHINGTON POST” Uppsala, grudzień. Zima uderzyła w całą mocą. Berit Jonsson krąży niespokojnie po pokoju, wygląda przez okno, wypatrując męża w szybko zapadającym zmroku. John powinien już dawno być w domu... Następnego ranka w śnieżnej zaspie zostaje znalezione ciało – zmasakrowane i okrutnie okaleczone. Policja rozpoznaje Johna Jonssona, znanego także jako Mały John. Dawniej niejednokrotnie miewał konflikty z prawem, potem jednak się zmienił – dzięki Berit: założył rodzinę, znalazł pracę, i z pasją oddawał się swojemu hobby: hodował tropikalne ryby akwariowe. Może i nie był aniołem, ale czym zasłużył sobie na tak straszliwą śmierć? Co ukrywał przed swoimi najbliższymi? I czy jego żona, syn i brat wiedzą coś, co może pomóc rozwiązać zagadkę? Jedno jest pewne: Johna zabił ktoś, kto nienawidził go z całego serca… Policja angażuje się w śledztwo, ale wszystkie tropy zawodzą. Inspektor Haver zwraca się o pomoc do komisarz Ann Lindell. Ann niechętnie włącza się w śledztwo: jest na urlopie macierzyńskim, sama opiekuje się synkiem i właśnie zbliżają się święta... Sądzi jednak, że to prosta sprawa. Ale im bardziej się w nią zagłębia, tym więcej napotyka pytań. Nie tylko John miał swoje tajemnice, a zagadka brutalnego zabójstwa sięga w przeszłość - jego i jego rodziny…",Crime and mystery
/en/czarne_klamstwa_czerwona_krew-9788324154784,książka / book,Książki i czasopisma / Books and periodicals,Kjell Eriksson,Czarne kłamstwa czerwona krew,"Svarta logner, rott blod",duński,AMBER,2015,Miękka,13.0x20.5,367,0.315 kg,,9788324154784 (9788324154784),9788324154784,/img/product_images_new/027/209027_01_czarne_klamstwa_czerwona_krew.300.jpg,"Ann Lindell prowadzi kolejne śledztwo, aby sprawiedliwości stało się zadość i żeby uspokoić swoje przerażone serce… Komisarz Ann Lindell nie ma sobie równych w tropieniu sprawców zbrodni i w rozwiązywaniu kryminalnych zagadek. Jest młoda, ładna i lubi działać wbrew regułom. Związała się z dziennikarzem Andersem Brantem i ma nadzieję, że w końcu ułoży sobie życie. Pewnego ranka Anders mówi że musi wyjechać na tydzień czy dwa. I znika. Na przedmieściach Uppsali obok żwirowego nasypu ktoś roztrzaskał głowę bezdomnego. Przy zabitym policja znajduje tylko kartkę papieru z numerem telefonu. To numer Andersa. Odciski palców zebrane w barakowozie, w którym gnieździł się bezdomny potwierdzają, że się znali. Ann Lindell musi jak najszybciej dotrzeć do prawdy o nim z nadzieją, że to czego się dowie, nie pogrąży jej w rozpaczy.","Powieść zagraniczna, Crime and mystery"
/en/przeszlosc_czeka-9788324156986,książka / book,Książki i czasopisma / Books and periodicals,Kjell Eriksson,Przeszłość czeka,,polski,AMBER,2016,Kartonowa Foliowana,20.5x13.0,336,0.26 kg,12/01/2016,9788324156986 (9788324156986),9788324156986,/img/product_images_new/000/248000_01_przeszlosc_czeka.300.jpg,"Powieść z komisarz Ann Lindell z serii nagrodzonej przez Szwedzką Akademię Literatury Kryminalnej. „Kryminały Kjella Erikssona to najwyższe osiągnięcia gatunku”. HENNING MANKELL Wyróżnienie przychodzi nieoczekiwanie. Osiemdziesięcioczteroletni profesor Bertram von Ohler wraca z porannego spaceru i dowiaduje się, że otrzymał Nagrodę Nobla w dziedzinie medycyny. Wiadomość wywołuje burzę emocji na spokojnej uliczce zamożnej podmiejskiej dzielnicy Uppsali. Ohler ma wielu wrogów… Ktoś obrzuca jego dom kamieniami. Ktoś podrzuca do skrzynki pocztowej czaszkę. Chuligańskie wybryki? Tak twierdzi policja. Ale incydenty stają się coraz bardziej niebezpieczne... Sprawą zajmuje się komisarz Ann Lindell. Śledztwo prowadzi ją w przeszłość – Ohlera i jej własną. W jej rodzinne strony, gdzie ożywają wyrzuty sumienia i niespełniona miłość. Gdzie podąża śladem kogoś, kto chce zniszczyć profesora... KJELL ERIKSSON, jeden z największych szwedzkich mistrzów kryminału, zdobył międzynarodową sławę, nawet w USA. Szwedzka Akademia Literatury Kryminalnej uhonorowała w bezprecedensowy sposób jego serię z Ann Lindell. Aż 9 z 10-ciu tomów otrzymało nagrodę lub nominację dla najlepszego kryminału roku. Kjell Eriksson ukazuje mroki ludzkiej duszy, maluje psychologiczne portrety ludzi nie zawsze z „czystym kontem”, i miasta – Uppsali, jakiej nie znamy. Tam prowadzi swoje śledztwa Ann Lindell, jedna z ulubionych bohaterek literackich w Szwecji – młoda, ładna i zbyt często działająca na własną rękę świetna detektyw, która nie potrafi poukładać swojego życia prywatnego. „Znakomity kryminał i subtelne studium psychologiczne – jak zwykle u Erikssona”. „PUBLISHERS WEEKLY”","Crime and mystery, Powieść zagraniczna"
/en/studnia_zyczen-9788376701677,książka / book,Książki i czasopisma / Books and periodicals,David Baldacci,Studnia życzeń,Wish You Well,angielski,Buchmann,2011,Miękka ze skrzydełkami,14.5x21.0,332,0.44 kg,,9788376701677 (9788376701677),9788376701677,/img/product_images_new/806/90806_01_studnia_zyczen.300.jpg,"Nasycona ciepłem i humorem opowieść o rodzinie, którą dotknęła tragedia. Światowy bestseller. Po tragicznej śmierci ojca dwójka dzieci - rodzeństwo, dwunastoletnia Lou i siedmioletni Oz - opuszcza Nowy Jork, by zamieszkać u swojej prababki Louisy Mae na podupadającej farmie w południowej części Wirginii. Towarzyszy im matka - inwalidka, która wskutek wypadku utraciła kontakt z otoczeniem. Tu, daleko od wielkomiejskiej cywilizacji, Lou nawiązuje swoją pierwszą prawdziwą przyjaźń i dowiaduje się, co naprawdę znaczą słowa: lojalność, odkupienie, miłość. Światowy bestseller!",
/en/ocalenie-9788376701226,książka / book,Książki i czasopisma / Books and periodicals,David Baldacci,Ocalenie,Saving Faith,angielski,Buchmann,2011,Miękka ze skrzydełkami,14.5x21.0,384,0.507 kg,,9788376701226 (9788376701226),9788376701226,/img/product_images_new/775/90775_01_ocalenie.300.jpg,"Niedaleko Waszyngtonu, w zalesionej okolicy na końcu żwirowej drogi, stoi mały domek  W tym miejscu FBI ma przesłuchać jednego z najważniejszych świadków, jakiego agencja miała do tej pory.  Faith Lockart ma do opowiedzenia niesamowitą historię. Niestety kilka niepowołanych osób wie o tajnym spotkaniu.",
/en/pierwsza_dama-9788376702612,książka / book,Książki i czasopisma / Books and periodicals,David Baldacci,Pierwsza Dama,The first family,angielski,Buchmann,2011,Miękka ze skrzydełkami,14.8x21.0,463,0.604 kg,,9788376702612 (9788376702612),9788376702612,/img/product_images_new/871/90871_01_pierwsza_dama.300.jpg,"Kiedy dwunastoletnia bratanica pierwszej damy Stanów Zjednoczonych, wraca z urodzinowego przyjęcia, w jej rodzinnym domu dochodzi do tragedii. Dziewczynka zostaje porwana, a jej matka ginie z rąk napastników. Na osobistą prośbę małżonki prezydenta dyskretne śledztwo rozpoczynają byli agenci Secret Service, Sean King i jego partnerka, Michelle Maxwell. Brutalne porwanie odsłania ciąg ponurych zdarzeń sięgających w daleką przeszłość prezydenta i jego małżonki, a także głęboko skrywaną tajemnicę pierwszej damy.",Crime and mystery
/en/ten_ktory_przezyl-9788376702193,książka / book,Książki i czasopisma / Books and periodicals,David Baldacci,Ten który przeżył,,polski,Buchmann,2011,Miękka ze skrzydełkami,15.0x21.0,656,0.73 kg,,9788376702193 (9788376702193),9788376702193,/img/product_images_new/846/90846_01_ten_ktory_przezyl.300.jpg,"Web London to najlepszy szturmowiec elitarnej jednostki FBI specjalizującej się w odbijaniu zakładników. Nagle zostają zabici wszyscy jego koledzy z oddziału, a on sam traci dobre imię, wiarę w siebie i zaufanie przełożonych. Dlaczego przeżył, podczas gdy pozostali zginęli?  Przypadek czy intryga?",
/en/miasteczko_divine-9788376701547,książka / book,Książki i czasopisma / Books and periodicals,David Baldacci,Miasteczko Divine,,polski,Buchmann,2011,Miękka ze skrzydełkami,15.0x21.0,432,0.57 kg,,9788376701547 (9788376701547),9788376701547,/img/product_images_new/797/90797_01_miasteczko_divine.300.jpg,"Jest to ostatni z cyklu 4 thrillerów, zapoczątkowanego ""Klubem wielbłądów"", którego bohaterami jest czwórka tropicieli przekrętów amerykańskiej administracji, a przywódcą dynamiczny ""Oliver Stone"". Stone, który zagraża interesom wszechwładnych polityków, staje wobec śmiertelnego zagrożenia.",Crime and mystery
/en/upor_i_przekora_52_kobiety_ktore_odmienily_nauke_i-9788326824852,książka / book,Książki i czasopisma / Books and periodicals,Rachel Swaby,Upór i przekora 52 kobiety które odmieniły naukę i świat,,polski,AGORA,2017,Miękka ze skrzydełkami,13.5x21.0,312,0.298 kg,,9788326824852 (9788326824852),9788326824852,/img/product_images_new/490/308490_01_upor_i_przekora.300.jpg,"Nie tylko Maria Curie-Skłodowska! Dokonałaś przełomowego odkrycia, ale to twój rywal (i dziwnym trafem mężczyzna) dostał dzięki niemu Nobla? Twojego męża zatrudnili na uniwersytecie w roli wykładowcy, ale tobie zaproponowali tylko bezpłatną posadę sekretarki? Opatentowałaś urządzenie, które posłuży do stworzenia WI-FI, ale pamiętają cię głównie za jedną z pierwszych rozbieranych ról filmowych? No cóż, WITAMY W ŚWIECIE NAUKI! „Upór i przekora” to dowód w sprawie. Sprawie 52 największych naukowczyń o prawo do kształcenia, pracy i równego traktowania. Wystarczy czytać jeden krótki rozdział tygodniowo, by po roku mieć pojęcie o tym, kto wynalazł niemnącą się bawełnę, czyje genialne testy ocaliły życie wielu kolejnych pokoleń noworodków, kto zainicjował powstanie Agencji Ochrony Środowiska. W zdominowanym przez mężczyzn środowisku kobiety od wieków dokonywały przełomowych odkryć i torowały drogę do kolejnych, ale do niedawna nikt nie opowiedział ich historii i nie oddał im sprawiedliwości. Książka Rachel Swaby to zmienia.",Non-fiction books
/en/az_smierc_nas_rozlaczy-9788373595019,książka / book,Książki i czasopisma / Books and periodicals,"Harlan Coben , Jeff Abbott , Lee Child",Aż śmierć nas rozłączy,Death do us part,angielski,Albatros,2010,Miękka,12.0x19.5,400,0.41 kg,,9788373595019 (9788373595019),9788373595019,/img/product_images_new/925/62925_01_az_smierc_nas_rozlaczy.300.jpg,"Miłość, przyjaźń, rodzinne więzy i zbrodnia - zbiór wysmakowanych opowiadań wybranych przez niekwestionowanego maestra thrillera, Harlana Cobena. Dziewiętnaście pasjonujących historii autorstwa dziewiętnastu najlepszych autorów, powieści sensacyjnych. Co może się wydarzyć między dwojgiem ludzi - małżonkami, kochankami, przyjaciółmi, nieznajomymi? W opowiadaniu Bez większego ryzyka Lee Childe’a, przywiązany do życia w mieście Wolfe, niewykształcony elektryk, ulega fascynacji spotkaną na wsi, doskonale sytuowaną kobietą. Kiedy jej mąż znika w niewyjaśnionych okolicznościach, zaczyna się niebezpieczny romans. Piękna Jennifer Kimball, bohaterka Pułapki Harlana Cobena, zgłasza władzom zaginięcie męża. Jakież jest jej zdziwienie, gdy po powrocie do domu zastaje w nim obcego mężczyznę, który podaje się za Edwarda... Wierzy mu nawet policja. Takiej antologii jeszcze nie było!",
/en/zostan_przy_mnie-9788378856153,książka / book,Książki i czasopisma / Books and periodicals,Harlan Coben,Zostań przy mnie,STAY CLOSE,angielski,ALBATROS,2013,Miękka ze skrzydełkami,12.0x19.5,464,0.47 kg,,9788378856153 (9788378856153),9788378856153,/img/product_images_new/528/135528_01_zostan_przy_mnie.300.jpg,"Megan Pierce wiedzie życie będące ucieleśnieniem American Dream: u boku męża. w domu z ogrodem i basenem, realizując się jako matka nastoletnich dzieci i żona. W jej przypadku stabilizacja nie jest jednak równoznaczna z osobistym szczęściem. Megan tęskni za swoją bujną przeszłością striptizerki w Vegas i Atlantic City, za pełnymi pożądania spojrzeniami mężczyzn, za pulsującą muzyką i migoczącymi światłami sceny. Ray Levine stał kiedyś u progu wielkiej kariery w dziedzinie fotoreportażu, niestety życie dało mu wycisk i zawodowo spadł na samo dno: pracuje jako paparazzi do wynajęcia w agencji świadczącej usługi niedoszłym celebrytom. Swoje frustracje topi w alkoholu. Broome jest detektywem, któremu nie daje spokoju sprawa zagadkowego zniknięcia przykładnego ojca rodziny, Stewarta Greena. Sprawa sprzed lat, której nie udało mu się rozwiązać. Choć niedługo przechodzi na emeryturę, wciąż prowadzi śledztwo i regularnie raz w roku odwiedza rodzinę zaginionego. Megan, Ray i Broome. Troje ludzi połączonych skrywanymi za fasadą codzienności sekretami, których istnienia nie podejrzewają nawet ich najbliżsi. Wiele lat temu w ich życiu wydarzyło się coś, co teraz może je ostatecznie zrujnować. Kolejne tajemnicze zaginięcie mężczyzny w święto Mardi Gras, dokładnie w siedemnastą rocznicę zniknięcia Greena, doprowadzi do ujawnienia łańcucha zbrodni, których nikt dotąd ze sobą nie powiązał...",
/en/wszyscy_mamy_tajemnice-9788376596297,książka / book,Książki i czasopisma / Books and periodicals,Harlan Coben,Wszyscy mamy tajemnice,LIVE WIRE,angielski,ALBATROS,2012,Miękka,14.5x20.5,464,0.71 kg,,9788376596297 (9788376596297),9788376596297,/img/product_images_new/034/90034_01_wszyscy_mamy_tajemnice.300.jpg,"Dziesiąta z serii powieści o Myronie Bolitarze, uchylająca rąbka tajemnicy na temat przeszłości ulubionego bohatera Harlana Cobena. Dawna gwiazda tenisa i jedna z pierwszych klientek Bolitara, Suzze, zwraca się do Myrona z prośbą o ratowanie jej małżeństwa. Niedawno ktoś umieścił na Facebooku komentarz kwestionujący ojcostwo nienarodzonego jeszcze dziecka pary. Zaraz potem Lex opuścił będącą w ósmym miesiącu ciąży żonę i przepadł bez wieści... Kobieta jest zrozpaczona, komentarz na jej profilu był dziwnie podpisany - nie tylko pseudonimem, ale również jakimś symbolem. Suzze obawia się, że Lexowi może grozić śmiertelne niebezpieczeństwo. Myron musi odnaleźć nie tylko zaginionego małżonka, ale również autora facebookowej notki.",
/en/klinika_smierci-9788376595108,książka / book,Książki i czasopisma / Books and periodicals,Harlan Coben,Klinika śmierci,MIRACLE CURE,angielski,Albatros,2011,Miękka,14.0x20.5,512,0.63 kg,,9788376595108 (9788376595108),9788376595108,/img/product_images_new/936/89936_01_klinika_smierci.300.jpg,"Pierwszy thriller medyczny w dorobku Cobena. Sara Lowell i Michael Silvermann są ulubieńcami mediów. Błyskotliwa, seksowna dziennikarka telewizyjna, prezenterka popularnego talk-show NewsFlash, wprost uwielbiana przez widzów, i jej mąż, znany koszykarz New York Nicks, gwiazda ligi NBA. Sara spodziewa się dziecka; wydaje się, że nic nie może zakłócić jej szczęścia. Niespodziewanie Michael trafia do szpitala z objawami silnego bólu brzucha. Dokładna diagnoza nie pozostawia wątpliwości - to AIDS. Ich przyjaciel, doktor Harvey Riker, dzieli się z Sarą poufna informacją - jego nowojorski ośrodek medyczny jest o krok od opracowania skutecznej procedury leczenia tej strasznej choroby. Klinika pilnie potrzebuje środków na prowadzenie badań - niestety ktoś brutalnie próbuje storpedować jego działalność. Wspólnik Rikera został zamordowany, a jego śmierć upozorowano na samobójstwo. Pacjenci kliniki,jeden po drugim giną w makabrycznych okolicznościach z ręki seryjnego zabójcy. Nikt nie jest bezpieczny - ani Michael, ani Sara, ani lekarze, ani nawet prowadzący dochodzenie młody policjant Max Bernstein...",Horrors and suspense
/en/bez_sladu-9788376596600,książka / book,Książki i czasopisma / Books and periodicals,Harlan Coben,Bez śladu,,polski,Albatros,2012,Miękka,11.0x17.5,336,0.18 kg,,9788376596600 (9788376596600),9788376596600,/img/product_images_new/061/90061_01_bez_sladu.300.jpg,"Myron przyjmuje propozycję właściciela klubu New Jersey Dragons i zgadza się odnaleźć gwiazdę drużyny, Grega Downinga, swojego rywala z czasów studenckich, który przepadł jak kamień w wodę. Dzięki temu zleceniu otrzyma szansę powrotu do zawodowej koszykówki. Co naprawdę stało się z Gregiem? Czy uciekł przed gangsterami poszukującymi go za długi hazardowe, czy ukrywa się przed policją w związku z zabójstwem Carli - kobiety, która go szantażowała? W domu zaginionego Bolitar znajduje ślady krwi zamordowanej, które niebawem ktoś usuwa, podobnie jak ślady obecności tajemniczej kobiety, z którą Greg żył po rozstaniu z żoną. Okazuje się, że cała sprawa ma związek z wydarzeniami z własnej przeszłości Myrona...",Crime and mystery
/en/obiecaj_mi-9788376599885,książka / book,Książki i czasopisma / Books and periodicals,Harlan Coben,Obiecaj mi,,angielski,ALBATROS,2013,Miękka ze skrzydełkami,12.5x19.5,416,0.416 kg,,9788376599885 (9788376599885),9788376599885,/img/product_images_new/464/132464_01_obiecaj_mi.300.jpg,"Minęło sześć lat od czasu, kiedy Myron po raz ostatni bawił się w detektywa. U boku nowej dziewczyny - Ali Wilder - prowadzi spokojne i uporządkowane życie, zaś jego psychopatyczny przyjaciel Win, nie musi, jak dawniej, nieustannie ratować mu życia. Ale to, co dobre, dobiega właśnie końca... Jakiś czasu temu Myron wymógł na dwóch nastoletnich dziewczynach, Aimee i Erin, wiążącą obietnicę - w razie jakichkolwiek kłopotów, zwrócą się do niego o pomoc. Kilka dni później telefon dzwoni - o drugiej w nocy! Spełniając swoje przyrzeczenie, Myron zabiera nastolatkę z Manhattanu i odwozi do domu jej przyjaciółki w New Jersey. Następnego dnia rodzice Aimee odkrywaj ą zniknięcie córki. Morderstwo, czy ucieczka z domu? Myron był ostatnią osobą, która ją widziała - automatycznie staje się głównym podejrzanym...",
/en/juz_mnie_nie_oszukasz-9788379859368,książka / book,Książki i czasopisma / Books and periodicals,Harlan Coben,Już mnie nie oszukasz,,polski,Albatros,2020,Miękka,12.5x19.5,416,0.428 kg,,9788379859368 (9788379859368),9788379859368,/img/product_images_new/782/306782_01_juz_mnie_nie_oszukasz.300.jpg,"Maya Stern, była oficer sił specjalnych, niedawno powróciła do domu z misji w Iraku. Pewnego dnia zamontowana w jej domu ukryta kamera, mająca śledzić zachowanie opiekunki dwuletniej Lily, ukochanej córeczki Mai, nagrywa filmik z udziałem bawiącej się dziewczynki i jej ojca. Wszystko byłoby w jak najlepszym porządku, gdyby nie fakt, że Joe został brutalnie zamordowany dwa tygodnie wcześniej. Wytrącona z równowagi kobieta zastanawia się nad tym, co przed chwilą zobaczyła. Czy może uwierzyć w to, co widziała? Ale to przecież by oznaczało, że Joe żyje. Czy to w ogóle możliwe? Była przecież naocznym świadkiem jego zabójstwa, a po wszystkim zorganizowała mu pogrzeb. Aby znaleźć odpowiedzi na nurtujące ją pytania, Maya musi uporać się z mrocznymi tajemnicami własnej przeszłości. Gdy tego dokona, będzie zmuszona stawić czoła nieprawdopodobnej i niekoniecznie przyjemnej prawdzie o swoim mężu… i o sobie. Osoba odpowiedzialna za wprowadzenie produktu na rynek Unii Europejskiej / die für das Inverkehrbringen des Produkts auf dem Markt der Europäischen Union verantwortliche Person / Responsible Person DRESSLER DUBLIN SPÓŁKA Z OGRANICZONĄ ODPOWIEDZIALNOSCIĄ ul. Poznańska 91 Ożarów Mazowiecki 05-850 PL [email protected] Producent/Hersteller/Manufacturer Informacje dotyczące bezpieczeństwa / Sicherheitsinformationen / Safety Information Nie dotyczy",Thrillers
/en/mistyfikacja-9788376592015,książka / book,Książki i czasopisma / Books and periodicals,Harlan Coben,Mistyfikacja,PLAY DEAD,angielski,Albatros,2010,Miękka,12.5x19.5,544,0.55 kg,,9788376592015 (9788376592015),9788376592015,/img/product_images_new/770/89770_01_mistyfikacja.300.jpg,"Laura Ayars i David Baskin wydają się być stworzeni dla siebie. Była modelka, obecnie właścicielka domu mody Svengali, i gracz Boston Celtics, gwiazda ligi NBA. Piękni, młodzi, bogaci i zakochani. Tragiczny wypadek przerywa ich miesiąc miodowy w Australii. Okoliczności śmierci są niejasne, ale wszystko wskazuje na to, iż David utonął podczas kąpieli w oceanie. Zrozpaczona dziewczyna nie potrafi pogodzić się z zagadkowym zaginięciem ukochanego. Nieświadoma grożącego jej niebezpieczeństwa, poddaje w wątpliwość oficjalną wersję zdarzeń. Czy rzeczywiście chodzi o wypadek, czy o samobójstwo, czy nawet o morderstwo? A może David żyje, a jego śmierć upozorowano? Kolejno giną osoby, które mogły znać odpowiedź. Komuś wyraźnie zależy na tym, by prawda nie wyszła na jaw.",Thrillers
/en/brakujacy_element-9788382158274,książka / book,Książki i czasopisma / Books and periodicals,Harlan Coben,Brakujący element,The match,angielski,Albatros,2022,Miękka ze skrzydełkami,20.0x12.5,416,0.38 kg,,9788382158274 (9788382158274),9788382158274,/img/product_images_new/584/654584_01_brakujacy_element.300.jpg,"Kolejna porywająca i pełna zwrotów akcji książka współczesnego arcymistrza thrillerów. Szokujące dopasowanie genetyczne ujawnia najmroczniejszą rodzinną tajemnicę… Wilde jako małe dziecko został porzucony w lesie. Po latach, już jako dorosły mężczyzna, postanawia dowiedzieć się więcej o swoim pochodzeniu. Rejestruje się na stronie internetowej, która na podstawie nadsyłanych próbek materiału genetycznego kojarzy spokrewnionych ze sobą ludzi. Dzięki portalowi udaje mu się odnaleźć biologicznego ojca, ale spotkanie z nim rodzi więcej pytań niż odpowiedzi. Wilde dowiaduje się jednak o jeszcze jednym krewnym. Peter Bennett, gwiazda popularnego reality show, próbuje się z nim skontaktować, ale po jednej nieudanej próbie znika jak kamień w wodę. Nękany wyrzutami sumienia Wilde zaczyna go szukać. Okazuje się, że Peter Bennett stał się ofiarą zmasowanego hejtu i zaliczył medialny upadek, który można określić chyba tylko jako koszmar na jawie. Czy sam był sobie winien? A może padł ofiarą perfidnej i skomplikowanej intrygi? Prowadząc śledztwo w jego sprawie, Wilde wkracza w plugawy świat celebrytów i reality TV, a przy okazji poznaje nowe wątki własnej mrocznej historii…","Thrillers, Powieść zagraniczna"
/en/klinika_smierci-9788367338509,książka / book,Książki i czasopisma / Books and periodicals,Harlan Coben,Klinika śmierci,Miracle Cure,angielski,Albatros,2023,Miękka ze skrzydełkami,12.0x19.5,456,0.41 kg,,9788367338509 (9788367338509),9788367338509,/img/product_images_new/834/691834_01_klinika_smierci.300.jpg,"Pierwszy thriller medyczny w dorobku mistrza suspensu! Doktor Harvey Riker pracujący w klinice na Manhattanie poświęcił życie, aby wynaleźć lekarstwo na jedną z najgorszych chorób na świecie – AIDS. Jego pacjenci, jeden po drugim, zostają wyleczeni. A potem – także jeden po drugim – giną z rąk seryjnego mordercy… Tymczasem nad najbardziej medialną parą w Stanach Zjednoczonych, Sarą Lowell i Michaelem Silvermanem, zbierają się czarne chmury. Ona jest uwielbianą przez tłumy niepełnosprawną prezenterką telewizyjną. On – najjaśniejszą gwiazdą drużyny koszykarskiej New York Knicks. Do szczęścia brakuje im tylko dziecka. Kiedy okazuje się, że Sara jest w ciąży, ich radość przyćmiewa straszna diagnoza – Michael jest chory na AIDS. Doktor Harvey Riker namawia ich do wzięcia udziału w swoich badaniach. Czy w ten sposób znajdą się na celowniku mordercy?",Thrillers
/en/w_domu-9788381251990,książka / book,Książki i czasopisma / Books and periodicals,Harlan Coben,W domu. Myron Bolitar,,,Albatros,2018,Miękka,12.5x19.5,416,0.366 kg,20/02/2018,978-83-8125-199-0 (9788381251990),9788381251990,/img/product_images_new/065/390065_01_w_domu.300.jpg,"Thriller z Myronem Bolidarem, na który czytelnicy czekali pięć lat Dziesięć lat temu porywacze uprowadzili dwóch sześciolatków, Patricka Moore’a oraz Rhysa Baldwina, żądając od ich bogatych rodziców okupu. Potem nagle zamilkli, a po porwanych chłopcach ślad zaginął. Przez cały ten czas obie rodziny musiały radzić sobie z bolesnymi wspomnieniami, próbując uporać się z rozpaczą po utracie ukochanych dzieci. I pewnie byłoby tak dalej, gdyby nie dwaj ludzie: Myron Bolitar, agent sportowy, i jego przyjaciel, Win Lockwood, którego elegancki strój skrywa umiejętnie wyszkolonego zabójcę. Mężczyźni wierzą, że właśnie zlokalizowali jednego z porwanych chłopców, dziś już nastolatków. Chłopak rzekomo był widziany w Londynie. Czy to rzeczywiście on? Gdzie się podziewał przez dziesięć lat? Jak wiele pamięta z dnia, kiedy został porwany? I co najważniejsze: czy jest w stanie naprowadzić Myrona i Wina na trop swego zaginionego przyjaciela, jeśli ten w ogóle jeszcze żyje? Historia opowiedziana przez Cobena to pełen napięcia, głęboko poruszający thriller o przyjaźni, rodzinie i o tym, czym jest prawdziwy dom.",Thrillers
/en/kilka_sekund_od_smierci-9788378857242,książka / book,Książki i czasopisma / Books and periodicals,Harlan Coben,Kilka sekund od śmierci,,angielski,ALBATROS,2013,Miękka ze skrzydełkami,12.5x19.5,400,0.41 kg,25/09/2013,9788378857242 (9788378857242),9788378857242,/img/product_images_new/629/143629_01_kilka_sekund_od_smierci.300.jpg,"Mieszkający teraz z Myronem chłopak powoli odnajduje swoje miejsce w nowej szkole, ale wciąż wpada w nowe kłopoty. Zaledwie kilka dni po wydarzeniach opisanych w pierwszej książce zostaje zamieszany w podpalenie i morderstwo, ponadto wciąż szuka śladów Rzeźnika z Łodzi i tajemniczej organizacji, jaką jest Schronienie Abeona, a także usiłuje odkryć prawdę o śmierci swojego ojca.",Thrillers
/en/jak_zawsze-9788328036079,książka / book,Książki i czasopisma / Books and periodicals,Zygmunt Miłoszewski,Jak zawsze,,polski,W.A.B.,2019,Miękka ze skrzydełkami,13.5x20.5,480,0.488 kg,22/11/2017,9788328036079 (9788328036079),9788328036079,/img/product_images_new/362/345362_01_jak_zawsze.300.jpg,"Najbardziej oczekiwana powieść roku! Bywają małżeństwa zbudowane na przyjaźni, na czułości, na porozumieniu dusz. Związek Grażyny i Ludwika zawsze napędzała namiętność. Dlatego co roku uroczyście świętują rocznicę wieczoru 1963 roku, kiedy pierwszy raz rzucili się na siebie, aby uprawiać seks. To zawsze dzień podsumowań, planów i – coraz bardziej – pożegnań. W dniu, kiedy celebrują okrągłą pięćdziesiątą rocznicę, on jest po osiemdziesiątce, ona tuż przed. Czy coś jeszcze ich czeka? Smutek jak zawsze zwalczają namiętnością, aby rano ku swojemu zdumieniu obudzić się w swoich młodych ciałach, z powrotem w roku 1963. W Polsce, w której zamiast Pałacu Kultury i Nauki jest wieża przyjaźni polsko-francuskiej, Warszawa jest w ścisłym sojuszu z Paryżem, a Edward Gierek to porywający tłumy opozycyjny polityk. Czy bohaterowie powtórzą swoją miłość? Czy pójdą innymi drogami? Jak wykorzystają swoją wiedzę ludzi z XXI wieku? I jakie ciemne strony kryje w sobie ten świat, pozornie tak lepszy od naszej historii Polski? Jak zawsze to pełna humoru powieść, zabawa w historię alternatywną i ćwiczenie praktyczne z powiedzenia „gdyby młodość wiedziała, gdyby starość mogła”. To opowieść o tym, czy potrafimy wykorzystać drugą szansę i oszukać los. Czy może jesteśmy skazani na „jak zawsze”? Zygmunt Miłoszewski mistrzowsko eksploruje nowy gatunek literacki, pokazując, że niezależnie od tego, czy bierze na warsztat horror, kryminał, czy osadzony w historii alternatywnej romans, zawsze pisze o tym jak osobiste dzieje jego bohaterów plotą się z dziejami Polski.",
