isbn,link
9788363696351,/pl/jadlonomia_kuchnia_roslinna__100_przepisow_nie_tyl-9788363696351
9788378853848,/pl/central_park-9788378853848
9788365781338,/pl/dziewczyna_z_brooklynu-9788365781338
9788376590158,/pl/potem-9788376590158
9788373594630,/pl/uratuj_mnie-9788373594630
9788373596825,/pl/bedziesz_tam-9788373596825
9788373598508,/pl/poniewaz_cie_kocham-9788373598508
9788376593753,/pl/kim_bylbym_bez_ciebie-9788376593753
9788324020454,/pl/zamien_chemie_na_jedzenie-9788324020454
9788372296344,/pl/fatalna_lista-9788372296344
9788382802894,/pl/z_pierwszej_pilki-9788382802894
9788328715509,/pl/milosc_czyni_dobrym-9788328715509
9788377589618,/pl/florystka-9788377589618
9788366195059,/pl/kiedys_cie_odnajde-9788366195059
9788328053823,/pl/musze_to_wiedziec-9788328053823
9788361299653,/pl/podpalona_od_koszmarow_przeszlosci_nie_ma_ucieczki-9788361299653
9788379992874,/pl/obled_-_trauma_-_katharsis_pakiet-9788379992874
9788379433193,/pl/marysiu-_jak_myslisz-9788379433193
9788326836169,/pl/zbyt_wiele_i_nigdy_dosc_jak_moja_rodzina_stworzyla-9788326836169
9788377999202,/pl/agent-9788377999202
9788379821990,/pl/filozofia_na_wynos-9788379821990
9788380316539,/pl/kosmitka-9788380316539
9788324708338,/pl/na_dnie_nieba-9788324708338
9788377991589,/pl/trans-9788377991589
9788389291929,/pl/europejka-9788389291929
9788379454563,/pl/pod_prad_rozmawia_magdalena_lyczko-9788379454563
8391062600,
9788393150502,/pl/sexy_mama_bo_jestes_kobieta-9788393150502
9788375820126,
3926722037,
9788362195145,/pl/jak_przyciagnac_doskonalych_klientow_sztuka_tworze-9788362195145
9788377461198,/pl/czemu_jeszcze_na_to_nie_wpadles_idealne_dostrojeni-9788377461198
9788324701261,
9788324589814,/pl/drugie_zycie_bree_tanner-9788324589814
9788372782809,/pl/harry_potter_i_insygnia_smierci-9788372782809
9788324121335,
9788324133697,/pl/moja_noc_jest_twoim_dniem-9788324133697
9788393063901,
9788375171044,/pl/wspomnienia_niebieskiego_mundurka_lektura_z_opraco-9788375171044
9788362199754,/pl/feblik-9788362199754
8310013900,
9788328044234,/pl/inwazja-9788328044234
9788385560838,
9788308040713,/pl/apteka_w_getcie_krakowskim-9788308040713
9788389291219,/pl/sceny_z_zycia_pozamalzenskiego-9788389291219
9788376595399,/pl/pamiec_doskonala-9788376595399
9788381390897,/pl/dom_przy_ulicy_am%C3%A9lie-9788381390897
9788310123299,/pl/podroz_do_miasta_swiatel_rose_de_vallenord-9788310123299
9788310121769,/pl/podroz_do_miasta_swiatel_roza_z_wolskich-9788310121769
9788375956405,/pl/cien_tajnych_sluzb-9788375956405
9788381034173,/pl/ryga_i_lotwa_pascal_lajt-9788381034173
9788324067046,/pl/nie_zabijaj-9788324067046
9788382951677,/pl/zony_konstancina-9788382951677
9788378239826,/pl/jarzmo_przeszlosci_o_polce-_zonie_muzulmanina-_kto-9788378239826
8311070482,
720209358,
8321403026,/pl/wzory_listow_angielskich-9788321403021
8321403093,
9788323502814,/pl/stosunki_miedzynarodowe_geneza-_struktura-_dynamik-9788323502814
9788372273192,
9788387964269,/pl/historia_i_spoleczenstwo_4_czlowiek_i_jego_cywiliz-9788387964269
9788324121885,
9788376842028,
9788376842240,
9788324096473,/pl/odrzania_podroz_po_ziemiach_odzyskanych-9788324096473
9788324716722,
9788366707290,/pl/frida_wojna_mojej_nieznanej_babki-9788366707290
9788374701730,/pl/piekielna_dzielnica-9788374701730
9788383294575,/pl/gdy_prawda_milczy-9788383294575
9788324048991,/pl/amerykapl__opowiesci_o_polakach_w_usa-9788324048991
9788377796726,/pl/trzynascie_opowiesci-9788377796726
9788376486741,/pl/mila_ksiezycowego_swiatla-9788376486741
9788366707160,/pl/odzyskac_przyszlosc_wspomnienia_z_ucieczki_przed_t-9788366707160
9788375652147,/pl/bialy_kapitan-9788375652147
9788375651843,/pl/od_szczytu_do_otchlani-9788375651843
9788375651485,/pl/nieznanym_szlakiem-9788375651485
9788375651553,/pl/szkarlatny_kwiat_kamelii-9788375651553
9788360446997,/pl/spalony_tost-9788360446997
9788381031585,/pl/willa_pod_zwariowana_gwiazda-9788381031585
8385432108,
9788380499416,/pl/poniemieckie-9788380499416
9788327413536,/pl/wyscigi-9788327413536
9788327413543,/pl/mnie_zabic-9788327413543
9788360159521,/pl/csi_kryminalne_zagadki_nowego_jorku_krwawe_slonce-9788360159521
9788360159538,/pl/csi_kryminalne_zagadki_las_vegas_miasto_grzechu_mi-9788360159538
9788360159545,/pl/csi_kryminalne_zagadni_miami_zrujnowane_swieta_cze-9788360159545
9788373018648,/pl/krew_i_zloto-9788373018648
9788375100204,/pl/krwawy_kantyk-9788375100204
9788375100044,/pl/wampir_armand-9788375100044
9788373019652,/pl/memnoch_diabel-9788373019652
9788375100051,/pl/merrick-9788375100051
9788386170456,/pl/gotuj_zgodnie_ze_swoja_grupa_krwi-9788386170456
9788377781760,/pl/lekcja_makijazu_dla_kazdej_kobiety-9788377781760
9788380741331,/pl/zaprzyjaznij_sie_ze_swoja_skora-9788380741331
9788374044080,/pl/savoir-vivre_nowoczesnej_kobiety-9788374044080
9788381950374,/pl/idealne_klamstwo_wyd_kieszonkowe-9788381950374
9788371205323,
9788324136469,/pl/wampiry_z_morganville_ksiega_3_pan_ciemnosci_godzi-9788324136469
9788324136797,/pl/wampiry_z_morganville_ksiega_4_rozwiane_cienie_poc-9788324136797
9788370239442,
9788374953474,
8321401287,
8321400035,
8321402984,
9788363534004,/pl/rok_z_ewa_chodakowska_twoj_dziennik_fitness-9788363534004
9788324131846,/pl/skrzydlate_cienie-9788324131846
9788365678898,/pl/najdalsza_granica_pamietniki_niemieckiego_zolnierz-9788365678898
9788310110954,/pl/dziecko_dla_srednio_zaawansowanych-9788310110954
9788310113481,
9788392192220,/pl/zdrowie_na_wlasne_zyczenie_1_oczyszczenie-9788392192220
9788320036152,/pl/zywienie_dzieci-9788320036152
9788324613601,
9788324607594,
9788380150492,/pl/co_nas_nie_zabije-9788380150492
9788375547108,/pl/niewidzialny_straznik-9788375547108
9788375758597,/pl/na_przekor_losowi-9788375758597
9788324515806,/pl/jak_dobrze_wygladac_nago-9788324515806
8385560289,
5906074280322,
5906074280308,
8370755224,
9788375360400,/pl/gulasz_z_turula-9788375360400
9788328008236,/pl/lesbos_najlepsze_opowiadania_erotyczne-9788328008236
9788375087369,/pl/drugie_dziecko-9788375087369
9788372986238,
9788372980861,
8385881220,
9788377691793,/pl/mistrzyni_powiesci_obyczajowej_14_szukajac_gdzie_i-9788377691793
8385881220123,
9788371326431,
9788308048023,/pl/tysiac_dni_w_orvieto_wyd_kieszonkowe-9788308048023
9788324622887,/pl/mamie_na_ratunek_jak_radzic_sobie_z_napadami_zlosc-9788324622887
8320540917,
9788388931185,
9788394555047,
9788394555054,
9788394555023,
9788394555009,
9788380320451,/pl/krol_kebabow_i_inne_zderzenia_polsko_-_obce-9788380320451
9788375549829,/pl/niesmiertelni-9788375549829
9788375369021,/pl/czarne_minuty-9788375369021
9788367054966,/pl/wstyd-9788367054966
9788385207283,
8390003937,
8321400957,/pl/mowimy_po_angielsku_kurs_dla_poczatkujacych-978832140095219
9788366476691,
8303009184,
9788386660551,
9788379430390,/pl/nasz_czlowiek_z_szanghaju-9788379430390
9788324138692,/pl/zloto_spartan-9788324138692
9788381437691,/pl/zagubiony-9788381437691
9788324009169,/pl/cherudek-9788324009169
9788324123148,
9788377856826,/pl/wladca_pierscieni_tom_3_powrot_krola-9788377856826
9788377586037,/pl/kolor_jej_serca-9788377586037
8370752330,
9788362478033,/pl/wilken_bracia_krwi-9788362478033
9788362478279,/pl/wilken_2_cyrk_polmroku-9788362478279
8370752330123,
9788324594634,/pl/heartland_1-2_powroty_po_burzy-9788324594634
9788389951823,/pl/hybrydy-9788389951823
9788375780635,/pl/wiedzmin_ostatnie_zyczenie-9788375780635
9788375780642,/pl/wiedzmin_miecz_przeznaczenia-9788375780642
9788373193567,
9788370235680,
832054193,
9788381953825,/pl/szepty_spoza_nicosci-9788381953825
9788381959865,/pl/obrazy_z_przeszlosci-9788381959865
9788380756830,/pl/listy_zza_grobu-9788380756830
9788389595485,/pl/wilcze_dziedzictwo_przeznaczona-9788389595485
9788389595591,/pl/wilcze_dziedzictwo_ukryte_cele-9788389595591
9788389595331,/pl/wilcze_dziedzictwo_cienie_przeszlosci-9788389595331
9788301150815,/pl/slownik_politologii-978830115081501
9788381770835,
9788381770842,
9788381770859,
9788381770866,
9788328702059,/pl/ekstaza_gabriela-9788328702059
8385202544,
8370700616,
8385276629,
8370820700,
9788380043978,
9788380043107,
9788380043855,
9788380043893,
9788380043930,
9788377460566,/pl/zdrowy_rozsadek_w_marketingu_bezposrednim_i_intera-9788377460566
9788392611448,/pl/ekonomia_mikrofinansow-9788392611448
9788374149709,/pl/i_ty_mozesz_miec_superdziecko-9788374149709
9788380152717,/pl/niepokorni-9788380152717
9788389314383,/pl/jezyk_dwulatka_moja_mama_mnie_rozumie-9788389314383
9788373117679,
9788372554222,
9788362482702,/pl/japonski_krok_po_kroku__5cd__mp3_poziom_a1-b1_kurs-9788362482702
9788308048368,/pl/danuta_walesa_marzenia_i_tajemnice-9788308048368
9788365897077,/pl/wnetrza_wypalone_lodem-9788365897077
9788371200212,
9788377789384,/pl/kosci-9788377789384
8388243160,
9788373913639,
9788324701322,
8370754953,
8308019145,
9788324591626,/pl/heartland_1_powroty-9788324591626
9788375105834,/pl/kraina_chichow-9788375105834
8370201229,
9788371204203,
9788387968656,
8370300081,
8303005715,
838513011,
8385130667,
830301773,
8320537061,
8300008020,
8304020017,
8304020017123,
4602020000133,
9788374236799,
9788389685339,
9788388872648,
8386213000,
9788378859796,/pl/jutro-9788378859796
9788375280487,/pl/gdanskie_dwory_i_palace-9788375280487
9788327612564,/pl/telefon_o_polnocy-9788327612564
9788324149872,/pl/droga_66-9788324149872
9788324149100,/pl/ostatni_na_liscie-9788324149100
9788324147649,/pl/urodzona_dla_smierci-9788324147649
9788381958103,/pl/projekt_riese-9788381958103
9781407244709,
9788375083354,/pl/dom_siostr-9788375083354
9788375089943,/pl/ciernista_roza-9788375089943
9788379991914,/pl/gra_cieni-9788379991914
9788375087277,/pl/lisia_dolina-9788375087277
9788310123251,/pl/w_mroku_tajemnic-9788310123251
9788379990849,/pl/ukryte_w_mroku-9788379990849
9788379769025,/pl/koszmary_zasna_ostatnie-9788379769025
9788366981041,/pl/najslabsze_ogniwo-9788366981041
9788366278523,/pl/wada-9788366278523
9788389859655,/pl/srebrzysko_powiesc_dla_doroslych-9788389859655
9788367262170,/pl/dluga_noc-9788367262170
9788380495159,/pl/przejecie-9788380495159
9788380493490,/pl/osiedle_marzen-9788380493490
9788365780904,/pl/podpalacz-9788365780904
9788379859313,/pl/sto_milionow_dolarow-9788379859313
9788378858386,/pl/nigdy_nie_wracaj-9788378858386
9788376599458,/pl/ostatnia_sprawa-9788376599458
9788376599960,/pl/nic_do_stracenia-9788376599960
9788376595078,/pl/61_godzin-9788376595078
9788376485812,/pl/slepa_bogini-9788376485812
9788324132058,/pl/bal_absolwentow-9788324132058
9788377311417,/pl/fetysz-9788377311417
9788377789438,/pl/ostre_przedmioty-9788377789438
9788377784945,/pl/zaginiona_dziewczyna-9788377784945
9788324025909,/pl/mroczny_zakatek-9788324025909
9788379762613,/pl/lotnisko_w_monachium-9788379762613
9788380159990,/pl/zamet-9788380159990
9788375444391,/pl/zludzenie-9788375444391
9788376486345,/pl/odwet-9788376486345
9788393346257,/pl/drzewo_morwowe-9788393346257
9788377790762,/pl/sukienka_z_mgiel-9788377790762
9788375757392,/pl/zabojczy_miesiac_miodowy-9788375757392
9788377583425,/pl/londyn_we_krwi-9788377583425
9788328014787,/pl/moj_przyjaciel_mrok-9788328014787
9788377990827,/pl/zakladnik-9788377990827
9788328009714,/pl/niewinny-9788328009714
9788328009080,/pl/dzien_zero-9788328009080
9788324152094,/pl/odpowiedz-_jesli_mnie_slyszysz-9788324152094
9788324145317,/pl/zagluszyc_krzyk-9788324145317
9788324149667,/pl/kamienna_cisza-9788324149667
9788324149773,/pl/ksiezniczka_burundi-9788324149773
9788324154784,/pl/czarne_klamstwa_czerwona_krew-9788324154784
9788324156986,/pl/przeszlosc_czeka-9788324156986
9788376701677,/pl/studnia_zyczen-9788376701677
9788376701226,/pl/ocalenie-9788376701226
9788376702612,/pl/pierwsza_dama-9788376702612
9788376702193,/pl/ten_ktory_przezyl-9788376702193
9788376701547,/pl/miasteczko_divine-9788376701547
9788326824852,/pl/upor_i_przekora_52_kobiety_ktore_odmienily_nauke_i-9788326824852
9788373595019,/pl/az_smierc_nas_rozlaczy-9788373595019
9788378856153,/pl/zostan_przy_mnie-9788378856153
9788376596297,/pl/wszyscy_mamy_tajemnice-9788376596297
9788376595108,/pl/klinika_smierci-9788376595108
9788376596600,/pl/bez_sladu-9788376596600
9788376599885,/pl/obiecaj_mi-9788376599885
9788379859368,/pl/juz_mnie_nie_oszukasz-9788379859368
9788376592015,/pl/mistyfikacja-9788376592015
9788382158274,/pl/brakujacy_element-9788382158274
9788367338509,/pl/klinika_smierci-9788367338509
9788381251990,/pl/w_domu-9788381251990
9788378857242,/pl/kilka_sekund_od_smierci-9788378857242
9788328036079,/pl/jak_zawsze-9788328036079
